,Gene,isTF,isCDMarker,StatisticsValue,P-value,Adj P-value,Group14_PT_0,Group14_PT_0.01,Group14_PT_0.02,Group14_PT_0.03,Group14_PT_0.04,Group14_PT_0.05,Group14_PT_0.06,Group14_PT_0.07,Group14_PT_0.08,Group14_PT_0.09,Group14_PT_0.1,Group14_PT_0.11,Group14_PT_0.12,Group14_PT_0.13,Group14_PT_0.14,Group14_PT_0.15,Group14_PT_0.16,Group14_PT_0.17,Group14_PT_0.18,Group14_PT_0.19,Group14_PT_0.2,Group14_PT_0.21,Group14_PT_0.22,Group14_PT_0.23,Group14_PT_0.24,Group14_PT_0.25,Group14_PT_0.26,Group14_PT_0.27,Group14_PT_0.28,Group14_PT_0.29,Group14_PT_0.3,Group14_PT_0.31,Group14_PT_0.32,Group14_PT_0.33,Group14_PT_0.34,Group14_PT_0.35,Group14_PT_0.36,Group14_PT_0.37,Group14_PT_0.38,Group14_PT_0.39,Group14_PT_0.4,Group14_PT_0.41,Group14_PT_0.42,Group14_PT_0.43,Group14_PT_0.44,Group14_PT_0.45,Group14_PT_0.46,Group14_PT_0.47,Group14_PT_0.48,Group14_PT_0.49,Group14_PT_0.5,Group14_PT_0.51,Group14_PT_0.52,Group14_PT_0.53,Group14_PT_0.54,Group14_PT_0.55,Group14_PT_0.56,Group14_PT_0.57,Group14_PT_0.58,Group14_PT_0.59,Group14_PT_0.6,Group14_PT_0.61,Group14_PT_0.62,Group14_PT_0.63,Group14_PT_0.64,Group14_PT_0.65,Group14_PT_0.66,Group14_PT_0.67,Group14_PT_0.68,Group14_PT_0.69,Group14_PT_0.7,Group14_PT_0.71,Group14_PT_0.72,Group14_PT_0.73,Group14_PT_0.74,Group14_PT_0.75,Group14_PT_0.76,Group14_PT_0.77,Group14_PT_0.78,Group14_PT_0.79,Group14_PT_0.8,Group14_PT_0.81,Group14_PT_0.82,Group14_PT_0.83,Group14_PT_0.84,Group14_PT_0.85,Group14_PT_0.86,Group14_PT_0.87,Group14_PT_0.88,Group14_PT_0.89,Group14_PT_0.9,Group14_PT_0.91,Group14_PT_0.92,Group14_PT_0.93,Group14_PT_0.94,Group14_PT_0.95,Group14_PT_0.96,Group14_PT_0.97,Group14_PT_0.98,Group14_PT_0.99,Group14_PT_1
0,SPINK2,0,0,60.73,2.0377e-12,1.5423e-08,1.5750505,1.5525148,1.5299705,1.5074094,1.4848229,1.4622026,1.4395399,1.4168266,1.394054,1.3712138,1.348297,1.3252965,1.3022026,1.279007,1.2557017,1.232278,1.2087273,1.1850414,1.16121165,1.1372297,1.1130871,1.0887753,1.06428588,1.0396104,1.0147405,0.9896675,0.9643832,0.9388789,0.9131463,0.8871769,0.860962,0.8344939,0.807763,0.780762,0.75348187,0.725914,0.69805,0.669882,0.641401,0.612598,0.5834658,0.5539951,0.524178,0.494005,0.463469,0.43256,0.401271,0.369593,0.3375177,0.305036,0.27214,0.23884,0.20527,0.17165,0.13821,0.10515,0.07269,0.041053,0.010454,-0.018891,-0.046765,-0.072951,-0.097231,-0.11939,-0.13921,-0.15647,-0.17096,-0.18255,-0.19146,-0.19799,-0.20243,-0.20511,-0.2063,-0.20632,-0.20546,-0.20402,-0.20232,-0.20064,-0.19929,-0.19857,-0.19878,-0.20015,-0.20267,-0.20628,-0.21092,-0.21653,-0.22304,-0.2304,-0.23854,-0.24742,-0.25695,-0.26709,-0.27778,-0.28895,-0.30054,-0.312499,-0.324758,-0.33726,-0.349941,-0.3627441,-0.3756078
1,CD37,0,1,33.055,1.1639e-06,0.0087989,0.4231542,0.4265478,0.4299091,0.4332057,0.4364053,0.4394756,0.4423841,0.4450986,0.4475867,0.4498161,0.451754,0.4533694,0.4546285,0.4555,0.4559503,0.4559483,0.4554611,0.4544564,0.45290204,0.4507655,0.4480145,0.4446167,0.44053977,0.4357513,0.4302191,0.4239107,0.4167938,0.408836,0.400005,0.3902686,0.379594,0.3679497,0.355303,0.341621,0.3268714,0.311023,0.294042,0.275897,0.256556,0.235985,0.2141534,0.1910281,0.166577,0.140767,0.113567,0.084944,0.054865,0.023299,-0.0097867,-0.044425,-0.080648,-0.11846,-0.15755,-0.19748,-0.23778,-0.27801,-0.3177,-0.356399,-0.393652,-0.429003,-0.461996,-0.492174,-0.519083,-0.54226,-0.56126,-0.57563,-0.5849,-0.5888,-0.58779,-0.58249,-0.5735,-0.56145,-0.54696,-0.53064,-0.51311,-0.49499,-0.47689,-0.45944,-0.44325,-0.42895,-0.41713,-0.40828,-0.40235,-0.39917,-0.39861,-0.40049,-0.40468,-0.41102,-0.41935,-0.42952,-0.44137,-0.45476,-0.46954,-0.485536,-0.50261,-0.520602,-0.539362,-0.55874,-0.57857,-0.5987113,-0.6190056
2,STMN1,0,0,38.292,9.755e-08,0.00073768,-0.2528393,-0.2187084,-0.1845865,-0.1504826,-0.1164057,-0.0823648,-0.0483688,-0.0144269,0.0194521,0.0532591,0.086985,0.1206211,0.1541582,0.187587,0.2208994,0.2540856,0.2871368,0.320044,0.35279832,0.38539065,0.417812,0.4500535,0.48210595,0.5139605,0.5456081,0.5770398,0.6082465,0.6392193,0.6699491,0.7004271,0.730644,0.7605912,0.790259,0.81964,0.84872291,0.8775,0.905963,0.934101,0.961907,0.989371,1.0164838,1.0432368,1.069621,1.095627,1.121246,1.14647,1.171288,1.195693,1.2196748,1.243225,1.266334,1.28897,1.31089,1.33172,1.35112,1.36872,1.38416,1.397077,1.407114,1.413911,1.417106,1.416339,1.411249,1.40148,1.38666,1.36644,1.34046,1.30857,1.27147,1.23003,1.18516,1.13773,1.08864,1.03878,0.98902,0.94027,0.89341,0.84933,0.80891,0.77304,0.74262,0.71828,0.6999,0.68714,0.6797,0.67727,0.67953,0.68617,0.69688,0.71134,0.72925,0.75028,0.77413,0.800479,0.82902,0.859439,0.891421,0.92466,0.958828,0.9936262,1.0287374
3,HMGB1,0,0,40.254,3.8348e-08,0.00029006,-0.6629989,-0.6454614,-0.6279117,-0.6103374,-0.5927261,-0.5750656,-0.5573436,-0.5395476,-0.5216656,-0.503685,-0.485594,-0.4673793,-0.4490294,-0.430532,-0.4118743,-0.3930444,-0.3740298,-0.3548183,-0.33539757,-0.31575523,-0.295879,-0.2757566,-0.25537571,-0.234724,-0.2137892,-0.1925589,-0.1710209,-0.1491629,-0.1269725,-0.1044374,-0.081545,-0.058284,-0.034641,-0.010604,0.01383874,0.0387,0.063993,0.089728,0.115919,0.142578,0.1697168,0.197348,0.225484,0.254137,0.283319,0.313043,0.34332,0.374164,0.405587,0.4376,0.470217,0.50342,0.53694,0.57038,0.60332,0.63536,0.66609,0.695118,0.722024,0.746406,0.767858,0.785974,0.800348,0.81057,0.81624,0.81695,0.8123,0.80204,0.78658,0.76647,0.74228,0.71455,0.68386,0.65074,0.61577,0.5795,0.54248,0.50527,0.46842,0.43251,0.39807,0.36554,0.33491,0.30608,0.27895,0.25342,0.22939,0.20675,0.18542,0.16528,0.14624,0.12821,0.11107,0.094729,0.07909,0.064051,0.049511,0.03537,0.02153,0.0078892,-0.0056514
4,ADA,0,0,38.906,7.2846e-08,0.00055093,0.4115887,0.3928741,0.3742289,0.3557224,0.3374242,0.3194034,0.3017296,0.2844721,0.2677003,0.2514836,0.235891,0.2209929,0.2068577,0.193555,0.1811545,0.1697253,0.1593369,0.1500586,0.14195992,0.13511012,0.1295786,0.1254348,0.1227481,0.1215878,0.1220234,0.1241243,0.1279597,0.1335991,0.141112,0.1505676,0.162035,0.1755846,0.191285,0.209205,0.22941558,0.251985,0.276983,0.304478,0.334541,0.367241,0.402646,0.4408269,0.481853,0.525792,0.572716,0.622692,0.67579,0.732081,0.7916321,0.854514,0.920796,0.99047,1.06278,1.13661,1.21082,1.28428,1.35585,1.424398,1.488787,1.547884,1.600555,1.645665,1.68208,1.70866,1.72428,1.72781,1.71809,1.69447,1.65801,1.61019,1.55251,1.48645,1.41349,1.33513,1.25284,1.16812,1.08246,0.99734,0.91424,0.83465,0.76007,0.69161,0.62921,0.57255,0.52131,0.47517,0.43381,0.39692,0.36417,0.33525,0.30984,0.28761,0.26825,0.251447,0.23687,0.224212,0.213145,0.20335,0.194518,0.1863203,0.1784416
5,H2AFY,0,0,49.818,3.9406e-10,2.9815e-06,-0.2431406,-0.2291314,-0.2151101,-0.2010647,-0.186983,-0.1728531,-0.1586627,-0.1443999,-0.1300525,-0.1156085,-0.101056,-0.0863824,-0.0715761,-0.056625,-0.0415165,-0.0262392,-0.0107807,0.0048711,0.02072816,0.03680263,0.0531066,0.0696521,0.08645123,0.1035161,0.1208587,0.1384912,0.1564256,0.1746741,0.1932486,0.2121614,0.231424,0.2510497,0.271049,0.291436,0.31222035,0.333416,0.355034,0.377087,0.399587,0.422545,0.4459751,0.469888,0.494296,0.519211,0.544646,0.570612,0.597122,0.624187,0.6518197,0.680032,0.708837,0.73824,0.76822,0.79872,0.8297,0.86111,0.89291,0.92504,0.957464,0.990131,1.022995,1.056008,1.089123,1.12229,1.15547,1.18861,1.22167,1.25454,1.28692,1.31845,1.34878,1.37755,1.40442,1.42902,1.45099,1.47,1.48568,1.49767,1.50562,1.50918,1.508,1.50183,1.49085,1.47531,1.45547,1.43157,1.40388,1.37264,1.3381,1.30053,1.26018,1.21729,1.17212,1.124922,1.07595,1.025466,0.973712,0.92095,0.867419,0.8133859,0.7590995
6,CD81,0,1,65.474,2.0443e-13,1.5481e-09,0.091664,0.0791058,0.0665853,0.0541402,0.0418084,0.0296275,0.0176353,0.0058695,-0.0056322,-0.0168319,-0.027692,-0.0381749,-0.0482427,-0.057858,-0.066982,-0.0755781,-0.0836082,-0.0910345,-0.09781932,-0.10392493,-0.1093136,-0.1139475,-0.11778907,-0.1208004,-0.1229439,-0.1241817,-0.1244762,-0.1237896,-0.1220841,-0.1193221,-0.115466,-0.1104774,-0.104319,-0.096954,-0.08834263,-0.078449,-0.067234,-0.054661,-0.040692,-0.025289,-0.0084139,0.0099703,0.029902,0.051418,0.074556,0.099356,0.125853,0.154086,0.1840921,0.21591,0.249577,0.28512,0.32254,0.36179,0.40284,0.44564,0.49017,0.536384,0.584245,0.633717,0.684765,0.737351,0.791438,0.84699,0.90397,0.96234,1.02206,1.08295,1.14419,1.20486,1.26401,1.32069,1.37398,1.42292,1.46658,1.50402,1.53429,1.55646,1.56957,1.5727,1.56491,1.54554,1.51499,1.47384,1.42268,1.3621,1.29268,1.21503,1.12971,1.03733,0.93848,0.83373,0.72369,0.608938,0.49006,0.367654,0.242301,0.11459,-0.014882,-0.1455339,-0.2767749
7,LAT2,0,0,60.986,1.8e-12,1.3626e-08,0.3717114,0.3546804,0.337693,0.3207931,0.3040242,0.2874301,0.2710544,0.254941,0.2391333,0.2236753,0.20861,0.1939825,0.1798353,0.166212,0.1531574,0.1407141,0.1289263,0.1178376,0.10749167,0.09793222,0.089203,0.0813475,0.07440971,0.0684331,0.0634615,0.0595385,0.0567079,0.0550133,0.0544984,0.0552069,0.057183,0.060469,0.06511,0.071149,0.07863012,0.087597,0.098093,0.110161,0.123847,0.139193,0.1562427,0.1750404,0.195629,0.218054,0.242357,0.268582,0.296774,0.326976,0.359231,0.393584,0.430077,0.46875,0.50958,0.55251,0.5975,0.64449,0.69343,0.74427,0.796954,0.851431,0.907651,0.96556,1.025106,1.08624,1.14891,1.21305,1.27863,1.34545,1.41281,1.47986,1.54578,1.60974,1.6709,1.72843,1.7815,1.82927,1.87092,1.9056,1.9325,1.95077,1.95958,1.95837,1.94746,1.92736,1.89859,1.86165,1.81705,1.76531,1.70693,1.64243,1.57232,1.49709,1.41728,1.333381,1.24591,1.155376,1.062291,0.96716,0.870505,0.7728255,0.6746358
8,TCF4,1,0,34.98,4.689e-07,0.0035453,1.7765105,1.7394213,1.7023642,1.6653712,1.6284745,1.5917061,1.5550981,1.5186825,1.4824915,1.4465571,1.410911,1.3755865,1.3406145,1.306027,1.2718573,1.2381363,1.2048964,1.1721699,1.13998861,1.10838477,1.0773904,1.0470376,1.01735846,0.988385,0.9601494,0.9326836,0.9060198,0.8801901,0.8552264,0.8311609,0.808026,0.7858528,0.764674,0.744522,0.72542908,0.707426,0.690546,0.674821,0.660283,0.646964,0.6348954,0.6241103,0.61464,0.606518,0.599774,0.594443,0.590554,0.588142,0.5872365,0.587871,0.590078,0.5939,0.59952,0.60718,0.61712,0.62959,0.64483,0.663089,0.684612,0.709644,0.73843,0.771214,0.808241,0.84976,0.89601,0.94723,1.00369,1.06539,1.13152,1.20106,1.273,1.34631,1.41999,1.493,1.56434,1.63298,1.69791,1.7581,1.81255,1.86023,1.90012,1.9315,1.9546,1.96985,1.9777,1.97857,1.97291,1.96115,1.94372,1.92106,1.89361,1.8618,1.82607,1.786851,1.74458,1.699701,1.65264,1.60384,1.553724,1.5027411,1.4513222
9,ZCCHC7,0,0,156.838,6.9648e-33,5.2772e-29,-0.0880201,-0.0882645,-0.0884715,-0.0886037,-0.0886235,-0.0884935,-0.0881763,-0.0876345,-0.0868305,-0.0857271,-0.084287,-0.0824718,-0.0802451,-0.077569,-0.0744063,-0.0707194,-0.0664709,-0.0616232,-0.0561391,-0.04998102,-0.0431116,-0.0354932,-0.02708867,-0.0178604,-0.0077709,0.0032171,0.0151412,0.0280388,0.0419473,0.0569042,0.072947,0.0901127,0.108439,0.127964,0.14872443,0.170758,0.194102,0.218793,0.24487,0.27237,0.3013301,0.3317878,0.363781,0.397346,0.432521,0.469344,0.507852,0.548082,0.5900715,0.633858,0.67948,0.72698,0.77642,0.82791,0.88152,0.93735,0.99548,1.056017,1.119038,1.184636,1.2529,1.323921,1.397789,1.47459,1.55442,1.63737,1.72352,1.81279,1.9044,1.99742,2.09091,2.18393,2.27556,2.36485,2.45087,2.53268,2.60935,2.67994,2.74351,2.79913,2.84587,2.88306,2.91101,2.93019,2.9411,2.94421,2.94003,2.92903,2.9117,2.88853,2.86,2.82661,2.78883,2.747163,2.70209,2.654086,2.603653,2.55127,2.497432,2.4426181,2.387317
10,VPREB1,0,1,62.295,9.5513e-13,7.2313e-09,-0.1639596,-0.1496366,-0.1353199,-0.1210161,-0.1067316,-0.0924728,-0.0782462,-0.0640581,-0.049915,-0.0358234,-0.02179,-0.0078201,0.0060787,0.0199,0.0336384,0.0472865,0.0608381,0.0742869,0.08762644,0.10085023,0.1139519,0.126925,0.13976305,0.1524597,0.1650085,0.177403,0.1896368,0.2017035,0.2135966,0.2253097,0.236836,0.2481701,0.259305,0.270233,0.28095013,0.291448,0.301721,0.311763,0.321567,0.331126,0.3404352,0.3494869,0.358275,0.366793,0.375035,0.382994,0.390663,0.398037,0.4051087,0.411872,0.41832,0.42451,0.43103,0.43877,0.44861,0.46145,0.47817,0.499659,0.526799,0.56048,0.601589,0.651013,0.709639,0.77835,0.85805,0.9496,1.0539,1.17133,1.30028,1.43869,1.58448,1.7356,1.88998,2.04555,2.20024,2.35199,2.49872,2.63838,2.76889,2.88819,2.99422,3.08546,3.16228,3.22545,3.27572,3.31385,3.3406,3.35673,3.363,3.36016,3.34898,3.33021,3.30462,3.27295,3.23597,3.194444,3.149122,3.10076,3.050132,2.9979816,2.9450726
11,TOP2B,1,0,29.745,5.5146e-06,0.041674,-0.2080542,-0.2008987,-0.1937361,-0.1865595,-0.1793618,-0.172136,-0.164875,-0.1575719,-0.1502195,-0.1428109,-0.135339,-0.1277969,-0.1201774,-0.112474,-0.1046784,-0.0967847,-0.0887856,-0.0806741,-0.07244299,-0.06408538,-0.0555942,-0.0469624,-0.03818306,-0.029249,-0.0201533,-0.0108888,-0.0014487,0.0081743,0.0179871,0.0279966,0.03821,0.0486344,0.059277,0.070144,0.08124313,0.092581,0.104166,0.116003,0.1281,0.140465,0.1531036,0.1660235,0.179232,0.192735,0.206541,0.220656,0.235087,0.249841,0.2649266,0.280349,0.296116,0.31223,0.32871,0.34556,0.36278,0.38038,0.39837,0.416762,0.435559,0.45477,0.474404,0.494467,0.514967,0.53591,0.55731,0.57917,0.6015,0.62428,0.64736,0.67058,0.69376,0.71674,0.73935,0.76142,0.78278,0.80327,0.8227,0.84092,0.85775,0.87303,0.88659,0.8983,0.90823,0.91647,0.92312,0.92827,0.932,0.93443,0.93563,0.93571,0.93476,0.93286,0.93013,0.926637,0.92249,0.917784,0.912607,0.90705,0.90122,0.8951987,0.8890831
12,IGLL1,0,0,45.247,3.5326e-09,2.6724e-05,0.4650378,0.4431972,0.4214082,0.3997227,0.3781923,0.3568687,0.3358037,0.3150489,0.2946561,0.274677,0.255163,0.2361666,0.2177388,0.199931,0.1827963,0.1663851,0.1507496,0.1359414,0.12201224,0.10901386,0.096998,0.0860162,0.07612042,0.0673622,0.0597933,0.0534654,0.0484302,0.0447395,0.042445,0.0415983,0.042251,0.0444553,0.048262,0.053724,0.06089244,0.069819,0.080555,0.093153,0.107664,0.124139,0.142632,0.1631929,0.185874,0.210727,0.237803,0.267154,0.298833,0.33289,0.3693773,0.408347,0.44985,0.4939,0.54022,0.58835,0.63784,0.68823,0.73908,0.78992,0.840309,0.889792,0.937915,0.984225,1.028269,1.06959,1.10775,1.14227,1.17272,1.19878,1.22071,1.23888,1.25367,1.26547,1.27466,1.28161,1.28671,1.29035,1.29289,1.29472,1.29623,1.29779,1.29979,1.30252,1.306,1.31019,1.31505,1.32055,1.32663,1.33327,1.34043,1.34806,1.35612,1.36458,1.37339,1.382522,1.39193,1.401573,1.411415,1.42141,1.431532,1.4417295,1.4519661
13,GLRX,0,0,31.484,2.4386e-06,0.018431,-0.0915189,-0.0943262,-0.0971048,-0.0998261,-0.1024612,-0.1049816,-0.1073586,-0.1095634,-0.1115673,-0.1133417,-0.114858,-0.1160872,-0.1170008,-0.11757,-0.1177665,-0.1175612,-0.1169254,-0.1158307,-0.1142481,-0.11214909,-0.1095049,-0.1062869,-0.10246642,-0.0980147,-0.092903,-0.0871027,-0.0805852,-0.0733216,-0.0652833,-0.0564417,-0.046768,-0.0362336,-0.02481,-0.012468,0.00082124,0.015086,0.030354,0.046656,0.064019,0.082472,0.1020448,0.1227649,0.144661,0.167763,0.192098,0.217696,0.244585,0.272794,0.3023507,0.333285,0.365626,0.39937,0.43424,0.46983,0.5057,0.54145,0.57664,0.610852,0.643673,0.674678,0.703447,0.729559,0.752591,0.77212,0.78774,0.79901,0.80552,0.80704,0.80415,0.79757,0.78804,0.77631,0.76313,0.74922,0.73533,0.7222,0.71058,0.7012,0.6948,0.69213,0.69392,0.70072,0.71241,0.72872,0.74942,0.77422,0.80289,0.83516,0.87077,0.90948,0.95101,0.99511,1.04153,1.090005,1.14028,1.192105,1.245213,1.29935,1.354258,1.4096818,1.4653624
14,MSI2,0,0,31.604,2.3049e-06,0.017423,-0.0378236,-0.0318122,-0.0257992,-0.0197832,-0.0137626,-0.0077359,-0.0017014,0.0043422,0.0103966,0.0164632,0.022544,0.0286395,0.0347522,0.040883,0.0470344,0.053207,0.0594026,0.0656228,0.07186901,0.07814288,0.0844459,0.0907797,0.09714563,0.1035454,0.1099804,0.1164523,0.1229625,0.1295127,0.1361043,0.1427389,0.149418,0.1561431,0.162916,0.169738,0.17661018,0.183535,0.190513,0.197547,0.204637,0.211786,0.2189948,0.2262648,0.233598,0.240995,0.248459,0.25599,0.26359,0.27126,0.2790032,0.28682,0.294711,0.30268,0.31078,0.31906,0.32758,0.33641,0.34561,0.355234,0.365349,0.376016,0.387296,0.399249,0.411937,0.42542,0.43976,0.45502,0.47126,0.48856,0.50703,0.5268,0.54802,0.57081,0.5953,0.62162,0.64992,0.68031,0.71294,0.74794,0.78543,0.82555,0.86844,0.91416,0.96262,1.01367,1.06716,1.12296,1.18092,1.24089,1.30273,1.36629,1.43144,1.49803,1.56592,1.63495,1.70499,1.775898,1.847522,1.91972,1.992355,2.0652751,2.1383389
15,SEPT9,0,0,59.222,4.227e-12,3.199e-08,0.0167138,0.036608,0.056512,0.0764359,0.0963894,0.1163824,0.1364249,0.1565267,0.1766978,0.1969479,0.217287,0.2377251,0.258272,0.278937,0.2997315,0.320664,0.3417448,0.3629839,0.38439102,0.40597617,0.4277492,0.44972,0.47189853,0.4942946,0.5169181,0.5397789,0.5628869,0.5862521,0.6098842,0.6337933,0.657989,0.6824815,0.707281,0.732396,0.75783788,0.783616,0.80974,0.83622,0.863066,0.890288,0.9178955,0.9458985,0.974307,1.003131,1.03238,1.062064,1.092193,1.122777,1.1538259,1.185349,1.217357,1.24985,1.28272,1.31581,1.34896,1.38202,1.41482,1.447211,1.479026,1.51011,1.540303,1.569448,1.597384,1.62395,1.649,1.67236,1.69388,1.71347,1.73137,1.74788,1.76329,1.77791,1.79203,1.80596,1.81999,1.83443,1.84957,1.86571,1.88316,1.90221,1.92317,1.94625,1.9714,1.99851,2.02747,2.05818,2.09052,2.12438,2.15966,2.19625,2.23404,2.27291,2.31277,2.353498,2.39499,2.437134,2.479823,2.52295,2.566401,2.6100705,2.6538494
16,DNTT,0,0,56.6,1.5008e-11,1.1356e-07,3.3499478,3.3497272,3.3495178,3.3493308,3.3491775,3.3490691,3.3490167,3.3490316,3.349125,3.3493081,3.349592,3.3499883,3.3505078,3.351162,3.3519617,3.3529186,3.3540436,3.3553481,3.35684325,3.35854022,3.3604503,3.3625846,3.36495436,3.3675709,3.3704453,3.3735888,3.3770127,3.3807282,3.3847464,3.3890786,3.393736,3.3987299,3.404071,3.409772,3.41584201,3.422294,3.429138,3.436386,3.444048,3.452137,3.4606633,3.4696381,3.479073,3.488978,3.499366,3.510247,3.521633,3.533534,3.5459627,3.55893,3.572446,3.58652,3.60112,3.61622,3.63176,3.64771,3.66403,3.680659,3.697571,3.714719,3.732061,3.749555,3.767159,3.78483,3.80253,3.8202,3.83782,3.85542,3.87335,3.89205,3.91194,3.93345,3.957,3.98304,4.01198,4.04426,4.0803,4.12054,4.16539,4.2153,4.27069,4.33184,4.39857,4.47057,4.54756,4.62923,4.71531,4.80549,4.89949,4.997,5.09774,5.20141,5.30772,5.416373,5.52708,5.639547,5.75348,5.86859,5.984572,6.1011438,6.2180091
17,CD99,0,1,64.009,4.1616e-13,3.1512e-09,0.6898903,0.7291298,0.768344,0.8075074,0.8465947,0.8855805,0.9244394,0.963146,1.0016749,1.0400009,1.078098,1.1159421,1.1535067,1.190767,1.2276968,1.2642716,1.3004658,1.3362538,1.37161048,1.4065103,1.4409279,1.474838,1.5082151,1.5410339,1.5732689,1.6048949,1.6358865,1.6662181,1.6958646,1.7248004,1.753,1.7804388,1.807091,1.83293,1.85793248,1.882072,1.905323,1.92766,1.949059,1.969493,1.988937,2.0073661,2.024755,2.041077,2.056309,2.070424,2.083396,2.095202,2.1058142,2.115209,2.123359,2.13026,2.13607,2.14104,2.14543,2.14948,2.15344,2.15757,2.162117,2.167332,2.173468,2.180774,2.189503,2.19991,2.21223,2.22674,2.24367,2.26321,2.28533,2.30993,2.3369,2.36615,2.39757,2.43107,2.46655,2.50391,2.54305,2.58387,2.62627,2.67015,2.71541,2.76197,2.80975,2.85868,2.90871,2.95976,3.01178,3.0647,3.11845,3.17298,3.22821,3.28409,3.34054,3.39751,3.45493,3.512733,3.570858,3.62924,3.687817,3.7465206,3.805289
18,LTB,0,0,67.12,9.197e-14,6.9658e-10,0.157746,0.1541596,0.1505981,0.1470862,0.1436488,0.1403106,0.1370967,0.1340316,0.1311404,0.1284477,0.125978,0.1237575,0.1218096,0.12016,0.1188324,0.1178527,0.1172454,0.1170353,0.11724726,0.11790606,0.1190365,0.1206635,0.12281189,0.1255064,0.1287719,0.1326332,0.1371151,0.1422425,0.1480402,0.1545331,0.161746,0.1697034,0.17843,0.187952,0.19829281,0.209478,0.221531,0.234479,0.248345,0.263154,0.2789319,0.2957025,0.313491,0.332322,0.352221,0.373212,0.39532,0.41857,0.4429869,0.468595,0.49542,0.52348,0.55275,0.58317,0.61469,0.64725,0.68079,0.71527,0.750625,0.786803,0.823748,0.861404,0.899718,0.93863,0.9781,1.01805,1.05844,1.09925,1.14059,1.18261,1.22546,1.26927,1.31421,1.36041,1.40802,1.45719,1.50807,1.5608,1.61553,1.6724,1.73157,1.79312,1.85698,1.92301,1.99111,2.06114,2.13299,2.20654,2.28166,2.35824,2.43614,2.51526,2.59547,2.676651,2.75868,2.841432,2.924792,3.00864,3.092843,3.1772929,3.2618638
19,UHRF1,0,0,127.086,1.635e-26,1.2387e-22,0.0436886,0.0821669,0.1206571,0.1591709,0.19772,0.2363163,0.2749715,0.3136975,0.352506,0.3914089,0.430418,0.4695447,0.5088013,0.548199,0.5877508,0.6274672,0.6673605,0.7074424,0.74772485,0.78821949,0.8289382,0.8698927,0.91109476,0.9525563,0.994289,1.0363047,1.0786151,1.1212321,1.1641675,1.2074331,1.251041,1.2950017,1.339328,1.384033,1.42912566,1.47462,1.520526,1.566858,1.613625,1.660841,1.708516,1.756663,1.805293,1.854419,1.904052,1.954203,2.004885,2.05611,2.1078886,2.160233,2.213156,2.26665,2.3206,2.37481,2.42908,2.48323,2.53706,2.590378,2.642995,2.694717,2.745353,2.79471,2.842595,2.88882,2.93318,2.9755,3.01558,3.05328,3.08865,3.1218,3.15281,3.1818,3.20886,3.23409,3.25759,3.27946,3.2998,3.31872,3.3363,3.35265,3.36788,3.38206,3.39527,3.40754,3.41894,3.42951,3.4393,3.44838,3.45678,3.46456,3.47177,3.47847,3.4847,3.490516,3.49597,3.50112,3.506008,3.51069,3.515218,3.5196414,3.5240136
20,PAG1,0,0,93.268,2.6608e-19,2.0155e-15,0.222301,0.2073515,0.1924554,0.177666,0.1630367,0.1486207,0.1344716,0.1206426,0.1071871,0.0941584,0.08161,0.069595,0.058167,0.047379,0.0372851,0.027938,0.0193912,0.011698,0.00491193,-0.00091377,-0.0057257,-0.0094706,-0.01209493,-0.0135455,-0.0137689,-0.0127117,-0.0103207,-0.0065424,-0.0013236,0.0053892,0.013649,0.0235101,0.035025,0.048247,0.06322998,0.080027,0.098691,0.119277,0.141836,0.166423,0.1930905,0.2218924,0.252882,0.286112,0.321637,0.359509,0.399783,0.44251,0.4877458,0.535542,0.585953,0.63899,0.69423,0.75106,0.80885,0.86695,0.92475,0.981602,1.036884,1.089964,1.140209,1.186988,1.229671,1.26762,1.30022,1.32682,1.3468,1.35989,1.36717,1.37006,1.36999,1.36835,1.36658,1.36609,1.3683,1.37462,1.38647,1.40527,1.43243,1.46938,1.51752,1.57787,1.65008,1.73354,1.82761,1.93168,2.04512,2.16729,2.29759,2.43538,2.58004,2.73095,2.88747,3.048995,3.21489,3.38453,3.557294,3.73256,3.909692,4.0880765,4.2670856
21,CYGB,0,0,251.578,2.9758e-53,2.2556e-49,0.1132727,0.0942048,0.0752334,0.0564553,0.0379669,0.0198648,0.0022457,-0.0147939,-0.0311574,-0.0467481,-0.06147,-0.0752253,-0.0879184,-0.099453,-0.109731,-0.1186572,-0.1261347,-0.1320667,-0.13635674,-0.13890822,-0.1396245,-0.1384091,-0.13516531,-0.1297966,-0.1222064,-0.1122981,-0.0999751,-0.0851408,-0.0676987,-0.0475521,-0.024604,0.0012408,0.03008,0.06201,0.09712812,0.13553,0.177312,0.222571,0.271404,0.323908,0.380178,0.4403118,0.504406,0.572556,0.64486,0.721414,0.802314,0.887657,0.9775396,1.072059,1.17131,1.27532,1.38348,1.49484,1.60846,1.72337,1.83863,1.953295,2.066405,2.177013,2.284168,2.386919,2.484315,2.57541,2.65924,2.73487,2.80134,2.85806,2.90583,2.94578,2.97902,3.00667,3.02987,3.04973,3.06738,3.08395,3.10055,3.11831,3.13836,3.16181,3.18979,3.22314,3.26179,3.30545,3.35384,3.40669,3.46371,3.52463,3.58918,3.65706,3.728,3.80173,3.87797,3.95643,4.03684,4.118925,4.202399,4.28699,4.372411,4.4583918,4.5446507
22,CD79A,0,1,248.145,1.6339e-52,1.2383e-48,0.0093016,0.0066174,0.0039743,0.0014135,-0.0010239,-0.0032966,-0.0053636,-0.0071836,-0.0087156,-0.0099184,-0.010751,-0.0111718,-0.01114,-0.010614,-0.0095539,-0.0079173,-0.0056633,-0.002751,0.00086094,0.00521359,0.0103481,0.0163057,0.02312742,0.0308545,0.039528,0.0491892,0.0598792,0.0716391,0.0845101,0.0985334,0.11375,0.1302012,0.147928,0.166972,0.18737346,0.209174,0.232415,0.257138,0.283383,0.311192,0.3406062,0.3716661,0.404413,0.438889,0.475134,0.513189,0.553097,0.594897,0.638632,0.684342,0.732068,0.78185,0.83377,0.88789,0.9443,1.00308,1.06431,1.12806,1.194424,1.263477,1.3353,1.409971,1.487573,1.56818,1.65189,1.73876,1.82888,1.92227,2.01874,2.11802,2.21986,2.32401,2.43021,2.5382,2.64773,2.75856,2.87041,2.98304,3.09618,3.2096,3.32303,3.43626,3.54928,3.6621,3.77472,3.88716,3.99943,4.11154,4.22351,4.33533,4.44703,4.55862,4.67011,4.781501,4.89282,5.004062,5.115252,5.2264,5.337507,5.4485941,5.5596702
23,EBF1,0,0,182.723,1.9398e-38,1.47e-34,-0.0476484,-0.0463672,-0.0450753,-0.0437622,-0.0424174,-0.0410301,-0.0395897,-0.0380857,-0.0365075,-0.0348444,-0.033086,-0.0312213,-0.02924,-0.027131,-0.024885,-0.0224901,-0.019936,-0.0172123,-0.01430828,-0.01121332,-0.0079168,-0.0044082,-0.00067687,0.0032878,0.0074965,0.0119597,0.016688,0.0216921,0.0269826,0.0325701,0.038465,0.0446785,0.051221,0.058102,0.06533352,0.072926,0.080889,0.089234,0.097972,0.107112,0.1166668,0.1266453,0.137059,0.147918,0.159233,0.171014,0.183273,0.19602,0.2092656,0.22302,0.237294,0.25211,0.2676,0.28394,0.30133,0.31995,0.33999,0.36163,0.385061,0.410468,0.438039,0.46796,0.500418,0.5356,0.57369,0.61487,0.65934,0.70736,0.7595,0.81642,0.87875,0.94714,1.02224,1.1047,1.19517,1.29428,1.4027,1.52105,1.65,1.79019,1.94226,2.10661,2.2828,2.47019,2.66817,2.87611,3.09339,3.3194,3.55349,3.79506,4.04348,4.29813,4.55838,4.823612,5.0932,5.366533,5.642975,5.92191,6.202709,6.4847554,6.7674247
