,Gene,isTF,isCDMarker,StatisticsValue,P-value,Adj P-value,Group7_PT_0,Group7_PT_0.01,Group7_PT_0.02,Group7_PT_0.03,Group7_PT_0.04,Group7_PT_0.05,Group7_PT_0.06,Group7_PT_0.07,Group7_PT_0.08,Group7_PT_0.09,Group7_PT_0.1,Group7_PT_0.11,Group7_PT_0.12,Group7_PT_0.13,Group7_PT_0.14,Group7_PT_0.15,Group7_PT_0.16,Group7_PT_0.17,Group7_PT_0.18,Group7_PT_0.19,Group7_PT_0.2,Group7_PT_0.21,Group7_PT_0.22,Group7_PT_0.23,Group7_PT_0.24,Group7_PT_0.25,Group7_PT_0.26,Group7_PT_0.27,Group7_PT_0.28,Group7_PT_0.29,Group7_PT_0.3,Group7_PT_0.31,Group7_PT_0.32,Group7_PT_0.33,Group7_PT_0.34,Group7_PT_0.35,Group7_PT_0.36,Group7_PT_0.37,Group7_PT_0.38,Group7_PT_0.39,Group7_PT_0.4,Group7_PT_0.41,Group7_PT_0.42,Group7_PT_0.43,Group7_PT_0.44,Group7_PT_0.45,Group7_PT_0.46,Group7_PT_0.47,Group7_PT_0.48,Group7_PT_0.49,Group7_PT_0.5,Group7_PT_0.51,Group7_PT_0.52,Group7_PT_0.53,Group7_PT_0.54,Group7_PT_0.55,Group7_PT_0.56,Group7_PT_0.57,Group7_PT_0.58,Group7_PT_0.59,Group7_PT_0.6,Group7_PT_0.61,Group7_PT_0.62,Group7_PT_0.63,Group7_PT_0.64,Group7_PT_0.65,Group7_PT_0.66,Group7_PT_0.67,Group7_PT_0.68,Group7_PT_0.69,Group7_PT_0.7,Group7_PT_0.71,Group7_PT_0.72,Group7_PT_0.73,Group7_PT_0.74,Group7_PT_0.75,Group7_PT_0.76,Group7_PT_0.77,Group7_PT_0.78,Group7_PT_0.79,Group7_PT_0.8,Group7_PT_0.81,Group7_PT_0.82,Group7_PT_0.83,Group7_PT_0.84,Group7_PT_0.85,Group7_PT_0.86,Group7_PT_0.87,Group7_PT_0.88,Group7_PT_0.89,Group7_PT_0.9,Group7_PT_0.91,Group7_PT_0.92,Group7_PT_0.93,Group7_PT_0.94,Group7_PT_0.95,Group7_PT_0.96,Group7_PT_0.97,Group7_PT_0.98,Group7_PT_0.99,Group7_PT_1
0,AHSP,0,0,39.343,5.9186e-08,0.00044709,1.44731,1.437678,1.427852,1.41764,1.406847,1.39528,1.382745,1.36905,1.354001,1.3374032,1.3190645,1.298791,1.276389,1.251666,1.224427,1.19448,1.161647,1.126068,1.088159,1.0483442,1.0070488,0.964698,0.921717,0.87853,0.835563,0.793241,0.751989,0.71223,0.67439,0.6389,0.60618,0.57665,0.55074,0.52884,0.510904,0.496661,0.485827,0.478121,0.4732601,0.470963,0.470949,0.472935,0.476639,0.48178,0.488076,0.49524,0.503005,0.5110759,0.519255,0.527517,0.53586,0.5442839,0.552786,0.561365,0.570018,0.578746,0.5875454,0.5964152,0.605354,0.61436,0.623431,0.632566,0.641764,0.651023,0.66034,0.669716,0.679147,0.688633,0.698171,0.707761,0.7174,0.7270874,0.736821,0.746599,0.756421,0.766284,0.776187,0.786129,0.796107,0.8061208,0.8161679,0.826247,0.836357,0.846495,0.8566603,0.866851,0.877067,0.887304,0.897562,0.90784,0.918135,0.928446,0.938771,0.94911,0.959459,0.969818,0.9801851,0.9905586,1.000937,1.011318,1.021701
1,HBD,0,0,36.698,2.0791e-07,0.0015703,1.223823,1.199943,1.17603,1.152049,1.127967,1.103749,1.079361,1.054771,1.029943,1.0048447,0.9794412,0.953699,0.927584,0.901063,0.874102,0.846666,0.818727,0.790329,0.761586,0.7326109,0.7035195,0.674426,0.645445,0.61669,0.588278,0.560321,0.532934,0.50623,0.48033,0.45534,0.43138,0.40857,0.38701,0.36682,0.348003,0.330538,0.314386,0.299513,0.2858845,0.273466,0.262224,0.252124,0.24313,0.23521,0.228328,0.22245,0.217542,0.2135689,0.210502,0.208323,0.207014,0.206559,0.20694,0.20814,0.210143,0.21293,0.2164855,0.220792,0.225832,0.23159,0.238047,0.245186,0.252992,0.261445,0.270531,0.280231,0.290528,0.301405,0.312846,0.324833,0.337349,0.3503767,0.3638997,0.3779,0.392362,0.407267,0.4226,0.438341,0.454476,0.4709853,0.48785341,0.5050629,0.522597,0.540438,0.5585688,0.576973,0.595633,0.614532,0.633654,0.652979,0.672493,0.692177,0.712015,0.73199,0.752084,0.77228,0.7925615,0.8129114,0.833313,0.853748,0.8742
2,CA1,0,0,51.198,2.0293e-10,1.5351e-06,1.402639,1.387725,1.372648,1.357248,1.341364,1.324832,1.307492,1.289181,1.269739,1.2490028,1.2268114,1.203003,1.177416,1.149888,1.120259,1.088365,1.05406,1.017449,0.978863,0.9386403,0.8971173,0.854632,0.811522,0.768125,0.724779,0.681821,0.639589,0.59842,0.55865,0.52062,0.48467,0.45113,0.42035,0.39262,0.367941,0.346119,0.326959,0.310265,0.2958423,0.283495,0.273028,0.264247,0.256955,0.250959,0.246061,0.24207,0.238784,0.2360137,0.233616,0.231569,0.229864,0.2284966,0.227459,0.226744,0.226346,0.226257,0.2264713,0.2269817,0.227782,0.228864,0.230223,0.231851,0.233741,0.235887,0.238283,0.24092,0.243793,0.246895,0.25022,0.253759,0.257508,0.2614578,0.2656032,0.269937,0.274453,0.279144,0.284003,0.289023,0.294199,0.299522,0.30498687,0.3105863,0.316314,0.322162,0.3281252,0.334196,0.340368,0.346633,0.352987,0.359421,0.365929,0.372505,0.379141,0.385831,0.392568,0.399346,0.4061568,0.4129948,0.419853,0.426725,0.433603
3,H3F3A,0,0,51.822,1.5031e-10,1.1374e-06,1.110643,1.106517,1.102149,1.097294,1.091711,1.085156,1.077385,1.068157,1.057227,1.0443535,1.0292929,1.011802,0.991639,0.968559,0.94232,0.912679,0.879412,0.842633,0.802759,0.7602131,0.7154204,0.668806,0.620794,0.57181,0.522278,0.472623,0.42327,0.37464,0.32717,0.28127,0.23737,0.1959,0.15728,0.1219,0.089772,0.060712,0.034517,0.010991,-0.0100661,-0.028851,-0.045563,-0.060398,-0.073557,-0.085235,-0.095632,-0.10495,-0.113373,-0.1211125,-0.128309,-0.134987,-0.141157,-0.1468296,-0.152014,-0.15672,-0.160959,-0.164739,-0.168071,-0.1709649,-0.17343,-0.175478,-0.177117,-0.178358,-0.17921,-0.179684,-0.179789,-0.179536,-0.178934,-0.177994,-0.176725,-0.175137,-0.173241,-0.1710457,-0.1685617,-0.165799,-0.162767,-0.159477,-0.155937,-0.152158,-0.148151,-0.143924,-0.13948808,-0.134853,-0.130029,-0.125025,-0.1198523,-0.11452,-0.109038,-0.103417,-0.097667,-0.091797,-0.085817,-0.079738,-0.07357,-0.067321,-0.061003,-0.054625,-0.0481975,-0.04173,-0.035233,-0.028715,-0.022188
4,PTMA,1,0,40.979,2.7144e-08,0.0002051,0.012953,-0.025012,-0.062853,-0.100446,-0.137668,-0.174394,-0.210501,-0.245865,-0.280362,-0.313868,-0.3462593,-0.377412,-0.407203,-0.435507,-0.462201,-0.487161,-0.510271,-0.531575,-0.551254,-0.5694938,-0.5864803,-0.6024,-0.617438,-0.631781,-0.645615,-0.659127,-0.672502,-0.68593,-0.69958,-0.71366,-0.72835,-0.74383,-0.76029,-0.7779,-0.796623,-0.816312,-0.83682,-0.857999,-0.8796995,-0.901773,-0.924072,-0.946446,-0.968748,-0.990829,-1.01254,-1.03373,-1.054259,-1.0739695,-1.092764,-1.110646,-1.127633,-1.1437421,-1.158991,-1.173398,-1.18698,-1.199754,-1.211739,-1.2229514,-1.233409,-1.24313,-1.252131,-1.260429,-1.268044,-1.274991,-1.281289,-1.286955,-1.292007,-1.296462,-1.300338,-1.303652,-1.306423,-1.3086662,-1.3104008,-1.311644,-1.312413,-1.312726,-1.3126,-1.312053,-1.311103,-1.3097658,-1.30806036,-1.3060039,-1.303614,-1.300908,-1.2979038,-1.294619,-1.29107,-1.287276,-1.283254,-1.279021,-1.274595,-1.269994,-1.265235,-1.260335,-1.255312,-1.250184,-1.2449683,-1.2396824,-1.234344,-1.22897,-1.223579
5,PCNA,0,0,72.833,5.7233e-15,4.3343e-11,1.227877,1.22215,1.216432,1.210731,1.205055,1.199413,1.193813,1.188264,1.182774,1.1773517,1.1720057,1.166744,1.161576,1.156509,1.151552,1.146714,1.141995,1.137241,1.132167,1.1264826,1.1198955,1.112115,1.102851,1.091811,1.078705,1.063242,1.045131,1.02408,0.9998,0.972,0.94038,0.90467,0.86456,0.81981,0.770715,0.717857,0.661829,0.603222,0.5426299,0.480644,0.417857,0.354862,0.292249,0.230613,0.170544,0.11264,0.057479,0.0056665,-0.0424,-0.086737,-0.127415,-0.164506,-0.198082,-0.228216,-0.254977,-0.27844,-0.2986735,-0.3157513,-0.329745,-0.340725,-0.348764,-0.353934,-0.356307,-0.355953,-0.352946,-0.347356,-0.339255,-0.328716,-0.315809,-0.300606,-0.283181,-0.2636025,-0.2419442,-0.218277,-0.192674,-0.165205,-0.135943,-0.10496,-0.072326,-0.0381145,-0.00239648,0.0347562,0.073272,0.113079,0.1541049,0.196279,0.239529,0.283783,0.32897,0.375018,0.421854,0.469408,0.517608,0.566381,0.615657,0.665363,0.7154278,0.7657794,0.816346,0.867057,0.917839
6,PRDX2,0,0,45.916,2.5636e-09,1.9381e-05,1.488635,1.47687,1.465133,1.45345,1.44185,1.43036,1.419007,1.407819,1.396824,1.386048,1.3755196,1.365266,1.355315,1.345693,1.336429,1.32755,1.319077,1.310938,1.302971,1.2950166,1.2869115,1.278494,1.269602,1.260074,1.249747,1.23846,1.22605,1.21236,1.19722,1.18047,1.16195,1.1415,1.11895,1.09417,1.067243,1.038386,1.007819,0.975764,0.9424408,0.908069,0.872868,0.83706,0.800863,0.7645,0.728188,0.69215,0.656604,0.6217706,0.587803,0.554704,0.522456,0.4910434,0.460449,0.430657,0.401649,0.37341,0.345922,0.319169,0.293134,0.267801,0.243152,0.219172,0.195842,0.173148,0.151071,0.129595,0.108705,0.088381,0.068609,0.049372,0.030652,0.0124333,-0.0053012,-0.022568,-0.039384,-0.055766,-0.07173,-0.087293,-0.102472,-0.1172841,-0.13174517,-0.1458722,-0.159682,-0.173191,-0.1864163,-0.199374,-0.212082,-0.224555,-0.236812,-0.248868,-0.260741,-0.272446,-0.284001,-0.295423,-0.306727,-0.317932,-0.3290524,-0.3401065,-0.35111,-0.362081,-0.373035
7,DUT,0,0,51.085,2.1429e-10,1.6209e-06,1.425409,1.359369,1.293586,1.228314,1.16381,1.100329,1.038129,0.977463,0.91859,0.8617635,0.8072406,0.755277,0.706129,0.660051,0.617301,0.578134,0.542787,0.511161,0.482857,0.4574701,0.4345915,0.413814,0.394732,0.376937,0.360021,0.343579,0.327202,0.31048,0.29302,0.27439,0.25421,0.23205,0.20752,0.18025,0.15034,0.118173,0.084125,0.048575,0.0119018,-0.025516,-0.063298,-0.101067,-0.138443,-0.175048,-0.210503,-0.24443,-0.276445,-0.306175,-0.333362,-0.358019,-0.380195,-0.3999369,-0.417295,-0.432317,-0.445052,-0.455548,-0.4638551,-0.4700208,-0.474094,-0.476124,-0.476158,-0.474246,-0.470436,-0.464777,-0.457317,-0.448106,-0.437192,-0.424623,-0.410448,-0.394716,-0.377476,-0.3587753,-0.3386638,-0.31719,-0.294402,-0.270349,-0.245079,-0.218642,-0.191085,-0.1624582,-0.13280915,-0.1021868,-0.07064,-0.038217,-0.0049672,0.029061,0.06382,0.09926,0.135332,0.171988,0.20918,0.246858,0.284974,0.32348,0.362326,0.401464,0.4408453,0.4804213,0.520143,0.559963,0.599831
8,TUBB,0,0,45.813,2.6941e-09,2.0365e-05,1.526252,1.512804,1.499396,1.486072,1.472873,1.45984,1.447016,1.434441,1.422157,1.4102066,1.3986304,1.38747,1.376768,1.366565,1.356904,1.347824,1.339363,1.331435,1.323849,1.3164131,1.308933,1.301215,1.293066,1.284292,1.2747,1.264095,1.252286,1.23908,1.22428,1.20769,1.18912,1.16838,1.14527,1.11963,1.091544,1.061261,1.029029,0.995093,0.9597007,0.923099,0.885534,0.847254,0.808505,0.769534,0.730588,0.69191,0.653759,0.6163699,0.579917,0.544405,0.509815,0.4761301,0.443332,0.411401,0.380321,0.350074,0.3206402,0.2920027,0.264143,0.237043,0.210685,0.185051,0.160122,0.135881,0.112309,0.089388,0.0671,0.045428,0.024352,0.003856,-0.01608,-0.0354726,-0.0543409,-0.072703,-0.090576,-0.107979,-0.124929,-0.141446,-0.157546,-0.1732483,-0.18857069,-0.2035312,-0.218148,-0.232439,-0.2464229,-0.260117,-0.27354,-0.286709,-0.299644,-0.312361,-0.324879,-0.337216,-0.349391,-0.361421,-0.373324,-0.385118,-0.3968226,-0.4084544,-0.420032,-0.431573,-0.443096
9,TUBA1B,0,0,52.007,1.3745e-10,1.0402e-06,1.746882,1.713031,1.679251,1.645612,1.612185,1.579041,1.546249,1.513881,1.482007,1.4506978,1.4200239,1.390056,1.360865,1.33252,1.305094,1.278656,1.253271,1.228912,1.205464,1.1828136,1.1608452,1.139444,1.118494,1.09788,1.077488,1.057203,1.036908,1.01649,0.99583,0.97482,0.95334,0.93127,0.90851,0.88494,0.860585,0.835539,0.809892,0.783734,0.7571581,0.730254,0.703115,0.675831,0.648495,0.621196,0.594028,0.56708,0.540449,0.5142195,0.488458,0.463162,0.438324,0.4139351,0.389986,0.366467,0.34337,0.320685,0.2984044,0.2765185,0.255018,0.233895,0.21314,0.192743,0.172697,0.152991,0.133618,0.114567,0.095831,0.077399,0.059264,0.041415,0.023845,0.0065442,-0.0104966,-0.027286,-0.043833,-0.060147,-0.076237,-0.092111,-0.107779,-0.12325,-0.13853222,-0.1536349,-0.168567,-0.183338,-0.1979562,-0.212431,-0.226771,-0.240985,-0.255083,-0.269073,-0.282965,-0.296766,-0.310487,-0.324137,-0.337723,-0.351256,-0.3647433,-0.3781951,-0.39162,-0.405027,-0.418425
10,FTH1,0,0,79.865,1.8602e-16,1.4089e-12,2.158326,2.093857,2.029399,1.964964,1.900562,1.836204,1.771902,1.707668,1.643511,1.5794433,1.515476,1.45162,1.387887,1.324288,1.260833,1.197535,1.13441,1.071592,1.009316,0.94782,0.8873429,0.828123,0.770399,0.714409,0.660392,0.608587,0.55923,0.51256,0.46882,0.42825,0.39107,0.35754,0.32789,0.30233,0.280735,0.262798,0.248204,0.236643,0.2278017,0.221367,0.217026,0.214467,0.213377,0.213444,0.214354,0.21579,0.217455,0.2190207,0.220272,0.221188,0.221775,0.2220392,0.221988,0.221627,0.220963,0.220002,0.2187508,0.2172161,0.215404,0.213321,0.210974,0.208369,0.205512,0.20241,0.19907,0.195497,0.191699,0.187681,0.183451,0.179014,0.174377,0.1695472,0.16453,0.159332,0.15396,0.148421,0.14272,0.136865,0.130861,0.1247151,0.11843397,0.1120238,0.105491,0.098842,0.0920841,0.085223,0.078264,0.071216,0.064083,0.056874,0.049593,0.042248,0.034844,0.027389,0.019889,0.012351,0.0047798,-0.0028169,-0.010433,-0.018062,-0.025697
11,DHFR,0,0,44.234,5.7359e-09,4.3352e-05,1.593537,1.54205,1.490662,1.439474,1.388584,1.338093,1.288099,1.238702,1.190003,1.1420992,1.0950917,1.04908,1.004163,0.96044,0.918012,0.876977,0.837432,0.799398,0.762836,0.7277009,0.6939504,0.661541,0.630429,0.600572,0.571927,0.544449,0.518096,0.49282,0.46859,0.44535,0.42306,0.40169,0.38117,0.36148,0.342552,0.324332,0.306759,0.289772,0.2733114,0.257317,0.241729,0.226488,0.211533,0.196803,0.18224,0.16778,0.153372,0.1389468,0.124465,0.109923,0.095321,0.0806616,0.065945,0.051172,0.036345,0.021464,0.0065304,-0.0084541,-0.023489,-0.038572,-0.053703,-0.068881,-0.084104,-0.099372,-0.114682,-0.130034,-0.145427,-0.16086,-0.176331,-0.19184,-0.207384,-0.2229633,-0.2385763,-0.254222,-0.269899,-0.285606,-0.301343,-0.317107,-0.332899,-0.3487153,-0.36455653,-0.380421,-0.396308,-0.412215,-0.4281426,-0.444089,-0.460052,-0.476032,-0.492027,-0.508035,-0.524057,-0.54009,-0.556134,-0.572187,-0.588248,-0.604317,-0.6203907,-0.6364693,-0.652552,-0.668636,-0.684722
12,DEK,1,0,57.439,1.0008e-11,7.5754e-08,1.846319,1.783035,1.719901,1.657066,1.59468,1.532892,1.471851,1.411709,1.352613,1.2947133,1.2381601,1.183102,1.12969,1.078072,1.028399,0.98082,0.935476,0.892368,0.851369,0.8123512,0.775184,0.739738,0.705884,0.673491,0.642432,0.612575,0.583791,0.55595,0.52893,0.50258,0.4768,0.45144,0.42637,0.40148,0.376732,0.352143,0.327734,0.303523,0.2795285,0.255771,0.232268,0.209039,0.186104,0.163481,0.141189,0.11925,0.097675,0.0764911,0.055707,0.035316,0.015313,-0.0043114,-0.023564,-0.042453,-0.060986,-0.079169,-0.0970118,-0.1145207,-0.131703,-0.148568,-0.165121,-0.181372,-0.197326,-0.212992,-0.228378,-0.243491,-0.258338,-0.272928,-0.287267,-0.301364,-0.315226,-0.3288602,-0.3422745,-0.355477,-0.368474,-0.381274,-0.393885,-0.406313,-0.418568,-0.430655,-0.44258321,-0.4543598,-0.465992,-0.477488,-0.4888554,-0.500101,-0.511233,-0.522259,-0.533186,-0.544023,-0.554776,-0.565453,-0.576062,-0.58661,-0.597105,-0.607555,-0.6179663,-0.6283477,-0.638706,-0.64905,-0.659386
13,RRM2,0,0,71.478,1.1061e-14,8.3751e-11,1.188925,1.25125,1.31299,1.373561,1.432376,1.488851,1.542401,1.592442,1.638387,1.6796531,1.7156539,1.745805,1.769521,1.786217,1.795308,1.79621,1.788372,1.771898,1.747463,1.7157641,1.6774956,1.633353,1.584033,1.53023,1.47264,1.411958,1.34888,1.2841,1.21832,1.15222,1.08652,1.02189,0.95904,0.89863,0.840844,0.785649,0.732986,0.682801,0.6350411,0.589651,0.546576,0.505763,0.467157,0.430705,0.396351,0.36404,0.333725,0.305344,0.278851,0.254208,0.23138,0.2103322,0.191028,0.173432,0.157508,0.143222,0.130537,0.1194181,0.109829,0.101736,0.095101,0.08989,0.086066,0.083595,0.082441,0.082568,0.083941,0.086524,0.090281,0.095177,0.101176,0.1082431,0.1163421,0.125438,0.135494,0.146476,0.158347,0.171073,0.184617,0.1989436,0.21401797,0.2298041,0.246266,0.263369,0.2810774,0.299355,0.318166,0.337475,0.357247,0.377447,0.398037,0.418984,0.440251,0.461802,0.483603,0.505617,0.5278092,0.5501436,0.572585,0.595097,0.617645
14,CPOX,0,0,32.362,1.6134e-06,0.012183,0.550275,0.639058,0.727235,0.814199,0.899344,0.982064,1.061752,1.137802,1.209607,1.276562,1.3380593,1.393493,1.442257,1.483745,1.51735,1.542466,1.558522,1.5656,1.564353,1.5554566,1.5395831,1.517407,1.489601,1.456841,1.419798,1.379148,1.335564,1.28972,1.24229,1.19394,1.14536,1.09721,1.05017,1.00487,0.961492,0.919945,0.88015,0.84202,0.8054688,0.770412,0.736764,0.704438,0.673349,0.643413,0.614542,0.58665,0.559656,0.5334698,0.508028,0.483311,0.459304,0.435993,0.413365,0.391406,0.370101,0.349437,0.3294001,0.309976,0.291151,0.272911,0.255242,0.23813,0.221561,0.205522,0.189998,0.174976,0.160441,0.14638,0.132778,0.119623,0.106899,0.0945927,0.0826906,0.071179,0.060043,0.049269,0.038843,0.028752,0.018981,0.0095168,0.00034496,-0.0085483,-0.017177,-0.025555,-0.0336958,-0.041614,-0.049323,-0.056837,-0.064171,-0.071337,-0.078349,-0.085223,-0.091971,-0.098608,-0.105147,-0.111602,-0.1179882,-0.1243184,-0.130607,-0.136867,-0.143114
15,MCM7,1,0,51.591,1.6795e-10,1.2707e-06,0.651764,0.665521,0.679463,0.693773,0.708637,0.724239,0.740762,0.758393,0.777314,0.7977101,0.8197663,0.843667,0.869596,0.897738,0.928277,0.961398,0.99726,1.03555,1.07554,1.1164904,1.1576592,1.198306,1.237688,1.275066,1.309699,1.340844,1.367762,1.38971,1.40595,1.41574,1.41833,1.41299,1.39898,1.37564,1.343291,1.302784,1.25499,1.200778,1.1410176,1.076577,1.008326,0.937132,0.863864,0.789392,0.714585,0.64031,0.567436,0.4968326,0.429102,0.364268,0.302273,0.2430625,0.186581,0.132772,0.08158,0.032951,-0.0131735,-0.0568474,-0.098127,-0.137067,-0.173725,-0.208155,-0.240413,-0.270555,-0.298637,-0.324714,-0.348842,-0.371076,-0.391473,-0.410088,-0.426977,-0.4421951,-0.4557984,-0.467842,-0.478383,-0.487476,-0.495176,-0.50154,-0.506623,-0.5104815,-0.51317024,-0.5147453,-0.515262,-0.514777,-0.5133448,-0.511022,-0.507863,-0.503925,-0.499264,-0.493934,-0.487991,-0.481491,-0.474491,-0.467045,-0.459209,-0.451038,-0.4425899,-0.4339186,-0.42508,-0.416131,-0.407125
16,CLTC,0,0,31.405,2.5313e-06,0.019111,0.891105,0.82012,0.749917,0.681276,0.61498,0.55181,0.492548,0.437975,0.388872,0.3460213,0.3102042,0.282202,0.262797,0.25277,0.252902,0.263976,0.28671,0.320681,0.364463,0.4165937,0.475613,0.54006,0.608472,0.679391,0.751353,0.822898,0.892566,0.9589,1.02042,1.07569,1.12324,1.1616,1.18932,1.20508,1.209011,1.202102,1.185349,1.159749,1.1262975,1.085992,1.039829,0.988805,0.933916,0.876159,0.816531,0.75603,0.695646,0.6363808,0.578933,0.523355,0.469609,0.4176601,0.367472,0.319009,0.272235,0.227114,0.1836105,0.141688,0.101311,0.062443,0.025049,-0.010908,-0.045464,-0.078653,-0.110513,-0.14108,-0.170388,-0.198475,-0.225375,-0.251126,-0.275763,-0.2993214,-0.3218378,-0.343348,-0.363888,-0.383493,-0.4022,-0.420045,-0.437063,-0.4532901,-0.46876279,-0.4835167,-0.497588,-0.511012,-0.5238254,-0.536064,-0.547763,-0.558959,-0.569688,-0.579986,-0.589888,-0.599431,-0.608651,-0.617583,-0.626264,-0.634729,-0.6430138,-0.6511553,-0.659189,-0.667151,-0.675077
17,MT.ND5,0,0,46.284,2.1495e-09,1.6252e-05,0.059703,0.060744,0.062102,0.064094,0.067036,0.071245,0.077039,0.084734,0.094647,0.1070948,0.1223944,0.140863,0.162816,0.188572,0.218448,0.252759,0.291797,0.335365,0.38284,0.4335839,0.486959,0.542327,0.599051,0.656492,0.714012,0.770974,0.826739,0.88067,0.93213,0.98048,1.02508,1.06529,1.10048,1.13007,1.154119,1.173062,1.187333,1.197369,1.2036066,1.206482,1.206431,1.203891,1.199297,1.193087,1.185696,1.17756,1.169119,1.1608042,1.152927,1.145514,1.138559,1.1320509,1.125982,1.120342,1.115123,1.110316,1.1059114,1.101901,1.098275,1.095026,1.092143,1.089619,1.087444,1.085609,1.084105,1.082923,1.082055,1.081491,1.081222,1.08124,1.081535,1.0820992,1.0829227,1.083997,1.085313,1.086861,1.088634,1.090621,1.092814,1.0952044,1.09778244,1.1005396,1.103467,1.106555,1.1097956,1.113179,1.116697,1.120341,1.1241,1.127968,1.131933,1.135988,1.140124,1.144331,1.148601,1.152925,1.1572935,1.1616978,1.166129,1.170578,1.175036
18,MT.CO2,0,0,49.877,3.8315e-10,2.8974e-06,0.983577,0.871126,0.759691,0.650285,0.543923,0.441621,0.344392,0.253252,0.169215,0.093297,0.0265117,-0.030126,-0.075601,-0.108898,-0.129004,-0.134902,-0.12565,-0.101595,-0.064222,-0.0150573,0.0443771,0.112557,0.187958,0.269057,0.35433,0.442253,0.531301,0.61995,0.70668,0.78996,0.86828,0.9401,1.0039,1.0583,1.103215,1.139375,1.167498,1.18831,1.2025339,1.210894,1.214113,1.212916,1.208027,1.200169,1.190067,1.17844,1.166024,1.1535302,1.141476,1.129915,1.118836,1.1082309,1.098089,1.088403,1.079161,1.070354,1.0619739,1.0540102,1.046454,1.039295,1.032524,1.026132,1.020109,1.014446,1.009133,1.004161,0.99952,0.995202,0.991195,0.987492,0.984082,0.9809567,0.9781056,0.97552,0.973189,0.971105,0.969257,0.967637,0.966234,0.9650401,0.96404459,0.9632385,0.962612,0.962156,0.9618616,0.961718,0.961717,0.961848,0.962102,0.96247,0.962942,0.963509,0.964161,0.964889,0.965683,0.966533,0.9674315,0.9683674,0.969332,0.970315,0.971308
19,MT.ND3,0,0,66.259,1.3969e-13,1.0575e-09,0.169313,0.124262,0.079921,0.036998,-0.003797,-0.041756,-0.076168,-0.106325,-0.131518,-0.1510374,-0.1641739,-0.170218,-0.168462,-0.158195,-0.138708,-0.109292,-0.069292,-0.019032,0.040303,0.1074984,0.1813386,0.260609,0.344095,0.430582,0.518855,0.607699,0.695899,0.78224,0.86551,0.94449,1.01797,1.08473,1.14356,1.19335,1.2341,1.266463,1.291095,1.308652,1.3197892,1.325165,1.325435,1.321257,1.313286,1.30218,1.288595,1.27319,1.256615,1.2395332,1.22241,1.2053,1.188204,1.171122,1.154053,1.136996,1.119952,1.102921,1.0859013,1.0688936,1.051897,1.034912,1.017938,1.000975,0.984022,0.96708,0.950147,0.933224,0.91631,0.899405,0.88251,0.865622,0.848744,0.8318726,0.8150095,0.798154,0.781306,0.764464,0.747629,0.730801,0.713979,0.6971626,0.680352,0.6635467,0.646747,0.629951,0.6131604,0.596374,0.579591,0.562813,0.546037,0.529265,0.512496,0.49573,0.478966,0.462204,0.445444,0.428685,0.4119282,0.3951722,0.378417,0.361662,0.344908
20,MT.ND2,0,0,71.15,1.2978e-14,9.8259e-11,-0.383037,-0.387339,-0.391248,-0.394372,-0.39632,-0.396697,-0.395113,-0.391175,-0.38449,-0.3746652,-0.3613095,-0.34403,-0.322434,-0.29613,-0.264724,-0.227825,-0.185071,-0.136657,-0.083271,-0.0256145,0.0356088,0.099696,0.165944,0.23365,0.30211,0.370623,0.438484,0.50499,0.56944,0.63113,0.68936,0.74341,0.7926,0.83628,0.874424,0.907364,0.935442,0.958999,0.978376,0.993912,1.005947,1.014822,1.020877,1.024451,1.025886,1.02552,1.023697,1.0207524,1.016936,1.01229,1.00683,1.000574,0.993536,0.985733,0.97718,0.967894,0.95789,0.9471845,0.935793,0.923732,0.911018,0.897665,0.883691,0.86911,0.85394,0.838196,0.821893,0.805048,0.787677,0.769796,0.75142,0.7325665,0.7132501,0.693487,0.673294,0.652686,0.631679,0.61029,0.588534,0.5664266,0.54398481,0.5212241,0.49816,0.47481,0.4511877,0.427311,0.403195,0.378855,0.354308,0.32957,0.304657,0.279584,0.254368,0.229023,0.203568,0.178017,0.1523855,0.1266906,0.100948,0.075173,0.049383
21,MT.CYB,0,0,113.665,1.2028e-23,9.1126e-20,0.692321,0.618606,0.545876,0.475115,0.407307,0.343437,0.28449,0.231449,0.1853,0.1470265,0.1176135,0.098045,0.089306,0.092381,0.108255,0.137911,0.182263,0.240933,0.312402,0.3951155,0.4875174,0.588052,0.695164,0.807298,0.922898,1.040409,1.158274,1.27494,1.38885,1.49844,1.60217,1.69848,1.78581,1.86273,1.929169,1.98582,2.033395,2.072603,2.1041525,2.128755,2.147118,2.159954,2.16797,2.171877,2.172385,2.1702,2.16604,2.1606062,2.154411,2.147527,2.139966,2.1317429,2.12287,2.113361,2.103229,2.092487,2.0811493,2.0692278,2.056736,2.043688,2.030097,2.015975,2.001336,1.986194,1.970561,1.954451,1.937877,1.920852,1.90339,1.885503,1.867206,1.8485112,1.8294319,1.809981,1.790173,1.77002,1.749536,1.728733,1.707626,1.686227,1.66454972,1.6426073,1.620413,1.59798,1.5753219,1.552452,1.529383,1.506128,1.482701,1.459115,1.435383,1.411518,1.387535,1.363445,1.339262,1.315,1.2906718,1.2662904,1.241869,1.217422,1.192961
22,MT.CO3,0,0,124.916,4.7569e-26,3.6047e-22,1.258279,1.18946,1.121559,1.055497,0.992192,0.932565,0.877534,0.828018,0.784938,0.7492112,0.721758,0.703498,0.695349,0.698231,0.713064,0.740767,0.782194,0.837006,0.90382,0.9812122,1.0677631,1.162051,1.262655,1.368154,1.477127,1.588153,1.69981,1.81068,1.91934,2.02436,2.12433,2.21783,2.30344,2.37984,2.44687,2.505045,2.554877,2.596882,2.6315749,2.659472,2.68109,2.696944,2.707549,2.713421,2.715077,2.71303,2.707801,2.6999009,2.68971,2.677313,2.66275,2.646064,2.627298,2.606495,2.583696,2.558945,2.532283,2.5037533,2.473398,2.44126,2.407381,2.371805,2.334572,2.295727,2.255311,2.213366,2.169936,2.125062,2.078788,2.031155,1.982206,1.931983,1.8805293,1.827887,1.774098,1.719206,1.663252,1.60628,1.548331,1.4894482,1.42967385,1.3690505,1.307621,1.245426,1.1825107,1.118916,1.054684,0.989858,0.92448,0.858593,0.792238,0.725459,0.658298,0.590798,0.523,0.454948,0.3866829,0.3182484,0.249687,0.18104,0.112351
23,MT.ATP6,0,0,93.902,1.9507e-19,1.4777e-15,0.302513,0.231218,0.160744,0.091912,0.025544,-0.037539,-0.096517,-0.150568,-0.19887,-0.2406036,-0.2749463,-0.301077,-0.318176,-0.32542,-0.321989,-0.307062,-0.279874,-0.240711,-0.190778,-0.131313,-0.0635534,0.011263,0.0919,0.177118,0.265682,0.356353,0.447894,0.53907,0.62864,0.71536,0.79801,0.87534,0.94611,1.00919,1.064463,1.112394,1.153469,1.188171,1.2169799,1.240379,1.25885,1.272874,1.282934,1.289512,1.29309,1.29415,1.293172,1.2906394,1.286902,1.282021,1.276017,1.2689139,1.260732,1.251495,1.241223,1.229939,1.2176653,1.2044233,1.190235,1.175123,1.159109,1.142215,1.124463,1.105874,1.086472,1.066278,1.045313,1.0236,1.001162,0.978019,0.954194,0.9297097,0.904587,0.878848,0.852515,0.82561,0.798155,0.770172,0.741683,0.7127102,0.68327511,0.6534,0.623107,0.592418,0.5613544,0.529939,0.498194,0.466141,0.433801,0.401198,0.368353,0.335287,0.302024,0.268584,0.234991,0.201266,0.1674302,0.1335067,0.099517,0.065484,0.031428
24,MT.ND4,0,0,121.194,2.9695e-25,2.25e-21,0.488843,0.455957,0.423679,0.392616,0.363376,0.336566,0.312794,0.292668,0.276795,0.2657828,0.2602388,0.260771,0.267986,0.282493,0.304898,0.33581,0.375794,0.424656,0.481531,0.5455319,0.6157732,0.691368,0.771428,0.855069,0.941402,1.029542,1.118601,1.20769,1.29593,1.38243,1.4663,1.54665,1.62261,1.69334,1.758653,1.818732,1.873761,1.923923,1.9694055,2.010392,2.047068,2.079618,2.108227,2.13308,2.154363,2.17226,2.186954,2.1986326,2.207442,2.213448,2.216704,2.2172636,2.215181,2.21051,2.203305,2.193619,2.181507,2.1670222,2.150219,2.13115,2.109871,2.086435,2.060896,2.033308,2.003725,1.972201,1.938789,1.903544,1.86652,1.82777,1.787348,1.7453089,1.7017058,1.656593,1.610024,1.562053,1.512735,1.462122,1.410268,1.3572288,1.30305692,1.2478066,1.191532,1.134286,1.0761241,1.017099,0.957265,0.896677,0.835387,0.77345,0.71092,0.647851,0.584297,0.520311,0.455948,0.391261,0.3263044,0.2611323,0.195798,0.130357,0.064861
25,XIST,0,0,42.289,1.4535e-08,0.00010984,-0.120364,-0.098975,-0.077507,-0.055881,-0.03402,-0.011842,0.010729,0.033773,0.057369,0.0815949,0.1065304,0.132254,0.158845,0.186381,0.214942,0.244606,0.275448,0.307458,0.340554,0.3746491,0.409659,0.445498,0.482081,0.519322,0.557137,0.595438,0.634143,0.67316,0.71242,0.75181,0.79127,0.83071,0.87003,0.90916,0.947928,0.986169,1.023693,1.060319,1.0958624,1.130141,1.162971,1.19417,1.223555,1.250942,1.276149,1.29899,1.319288,1.3368543,1.351576,1.363487,1.372642,1.3790939,1.382897,1.384106,1.382775,1.378957,1.3727073,1.364079,1.353126,1.339904,1.324465,1.306864,1.287155,1.265393,1.24163,1.215921,1.188321,1.158883,1.127661,1.09471,1.060083,1.0238344,0.9860183,0.946689,0.9059,0.863706,0.82016,0.775318,0.729232,0.6819569,0.6335468,0.5840557,0.533538,0.482047,0.4296368,0.376362,0.322277,0.267434,0.21189,0.155696,0.098908,0.04158,-0.016235,-0.074483,-0.133109,-0.192059,-0.2512791,-0.3107156,-0.370314,-0.430021,-0.489782
26,C3orf38,0,0,30.597,3.6992e-06,0.027921,-0.18897,-0.165913,-0.143075,-0.120679,-0.098943,-0.078088,-0.058335,-0.039904,-0.023015,-0.0078878,0.0052562,0.016197,0.024715,0.030589,0.033599,0.033525,0.030166,0.023684,0.014558,0.0032804,-0.0096595,-0.023771,-0.038562,-0.053544,-0.068224,-0.082114,-0.094721,-0.10555,-0.11412,-0.11994,-0.12251,-0.12135,-0.11596,-0.10591,-0.09136,-0.072824,-0.050813,-0.025839,0.0015839,0.030944,0.061728,0.093422,0.125514,0.15749,0.188838,0.21904,0.247597,0.2739824,0.297849,0.319198,0.338077,0.354536,0.368622,0.380384,0.38987,0.397129,0.402209,0.4051586,0.406026,0.40486,0.401709,0.396621,0.389645,0.380828,0.370221,0.35787,0.343824,0.328133,0.310843,0.292004,0.271664,0.2498713,0.2266746,0.202122,0.176262,0.149144,0.120815,0.091323,0.060718,0.0290484,-0.00363851,-0.0372938,-0.071869,-0.107316,-0.1435857,-0.18063,-0.218401,-0.25685,-0.295928,-0.335587,-0.375779,-0.416455,-0.457567,-0.499066,-0.540904,-0.583033,-0.6254036,-0.667968,-0.710678,-0.753484,-0.796339
27,MT.ND1,0,0,156.095,1.0054e-32,7.6213e-29,0.825511,0.776064,0.727464,0.680561,0.636201,0.595233,0.558504,0.526862,0.501155,0.4822314,0.4709383,0.468124,0.474636,0.491322,0.519031,0.55861,0.610845,0.675398,0.75094,0.8361078,0.9295405,1.029876,1.135751,1.245805,1.358674,1.472998,1.587413,1.70056,1.81107,1.91759,2.01875,2.11319,2.19955,2.27659,2.344241,2.403154,2.453976,2.497357,2.5339456,2.564392,2.589345,2.609455,2.62537,2.637742,2.647218,2.65445,2.660084,2.6647716,2.668978,2.672765,2.67614,2.6791127,2.68169,2.68388,2.685691,2.687131,2.6882087,2.6889312,2.689307,2.689344,2.68905,2.688434,2.687504,2.686266,2.684731,2.682905,2.680797,2.678415,2.675767,2.67286,2.669704,2.6663056,2.6626734,2.658815,2.65474,2.650454,2.645967,2.641287,2.636421,2.6313776,2.62616491,2.6207909,2.615264,2.609591,2.6037818,2.597843,2.591784,2.585611,2.579334,2.57296,2.566498,2.559954,2.553338,2.546658,2.539921,2.533136,2.5263104,2.5194526,2.512571,2.505672,2.498766
28,USP28,0,0,50.237,3.2215e-10,2.4365e-06,-0.332548,-0.28917,-0.246182,-0.203974,-0.162935,-0.123456,-0.085925,-0.050734,-0.018272,0.0110709,0.0369055,0.058842,0.076489,0.089459,0.09736,0.099804,0.096433,0.087501,0.073797,0.0561306,0.0353084,0.012139,-0.012571,-0.038012,-0.063377,-0.087858,-0.110646,-0.13094,-0.14792,-0.16078,-0.16872,-0.17093,-0.16661,-0.15502,-0.13636,-0.111347,-0.080704,-0.045153,-0.0054181,0.037777,0.083709,0.131654,0.180889,0.23069,0.280335,0.3291,0.376257,0.4210901,0.463095,0.502262,0.538646,0.5722999,0.603279,0.631639,0.657433,0.680716,0.7015434,0.7199688,0.736047,0.749833,0.761381,0.770745,0.777981,0.783143,0.786285,0.787462,0.786728,0.784139,0.779749,0.773612,0.765783,0.7563158,0.7452662,0.732688,0.718637,0.703166,0.68633,0.668185,0.648784,0.6281824,0.60643446,0.5835949,0.559718,0.534859,0.5090719,0.482411,0.454932,0.426689,0.397736,0.368128,0.33792,0.307166,0.27592,0.244238,0.212174,0.179782,0.1471177,0.1142348,0.081188,0.048032,0.014822
29,ANK1,0,0,29.639,5.7959e-06,0.043742,0.489927,0.512913,0.535758,0.558323,0.580466,0.602049,0.62293,0.64297,0.662027,0.6799625,0.6966352,0.711905,0.725632,0.737675,0.747895,0.75615,0.762316,0.766525,0.769139,0.7705291,0.7710639,0.771113,0.771047,0.771236,0.772048,0.773854,0.777023,0.78192,0.78893,0.79841,0.81073,0.82626,0.84537,0.86839,0.895181,0.92533,0.958429,0.994066,1.031831,1.071312,1.112098,1.153778,1.195941,1.238176,1.280072,1.32122,1.361201,1.3996124,1.436169,1.470868,1.503746,1.5348384,1.564181,1.591808,1.617758,1.642064,1.6647637,1.6858916,1.705484,1.723576,1.740204,1.755403,1.76921,1.781659,1.792787,1.802629,1.811222,1.818599,1.824799,1.829855,1.833805,1.8366826,1.8385248,1.839367,1.839245,1.838194,1.836251,1.83345,1.829828,1.8254202,1.82026244,1.8143904,1.80784,1.800646,1.7928456,1.784473,1.775566,1.766158,1.756286,1.745985,1.735292,1.724241,1.712869,1.701211,1.689303,1.677181,1.6648807,1.6524372,1.639887,1.627264,1.614607
30,MT.CO1,0,0,132.471,1.1533e-27,8.7409e-24,1.663538,1.611571,1.560305,1.510438,1.462673,1.417708,1.376245,1.338983,1.306622,1.2798636,1.259407,1.245953,1.240201,1.242852,1.254606,1.276163,1.308177,1.350433,1.401959,1.4617542,1.5288184,1.602152,1.680755,1.763627,1.849769,1.938181,2.027862,2.11781,2.20703,2.29452,2.37929,2.46032,2.53662,2.60727,2.67216,2.731658,2.786135,2.835962,2.8815101,2.923151,2.961257,2.9962,3.028349,3.058079,3.085759,3.11176,3.136458,3.1602204,3.183316,3.205788,3.227648,3.2489081,3.26958,3.289677,3.309209,3.328189,3.3466298,3.3645424,3.381939,3.398832,3.415233,3.431154,3.446607,3.461604,3.476157,3.490278,3.503979,3.517273,3.53017,3.542683,3.554825,3.5666066,3.5780402,3.589138,3.599912,3.610373,3.620535,3.630409,3.640007,3.649341,3.65842304,3.6672651,3.675879,3.684277,3.6924714,3.700474,3.708296,3.71595,3.723448,3.730803,3.738025,3.745127,3.752122,3.75902,3.765834,3.772577,3.7792591,3.7858935,3.792492,3.799066,3.805629
31,MALAT1,0,0,34.735,5.2663e-07,0.0039771,-0.106937,-0.080263,-0.053702,-0.027366,-0.001368,0.024179,0.049162,0.07347,0.096988,0.1196047,0.1412071,0.161682,0.180918,0.198801,0.21522,0.23006,0.243218,0.25474,0.264803,0.2735896,0.2812829,0.288065,0.294118,0.299625,0.304768,0.309729,0.314691,0.31984,0.32535,0.33141,0.3382,0.3459,0.3547,0.36477,0.376149,0.388832,0.402797,0.418026,0.4344988,0.452198,0.471104,0.491199,0.512464,0.534881,0.558431,0.58309,0.608855,0.635692,0.663587,0.692521,0.722473,0.7534238,0.785353,0.81824,0.852066,0.886811,0.9224541,0.9589759,0.996356,1.034575,1.073613,1.11345,1.154065,1.195439,1.237552,1.280384,1.323915,1.368124,1.412993,1.4585,1.504627,1.5513526,1.5986573,1.646521,1.694924,1.743846,1.793268,1.843168,1.893528,1.9443275,1.99554611,2.047164,2.099161,2.151518,2.2042144,2.25723,2.310545,2.36414,2.417995,2.472089,2.526402,2.580916,2.635609,2.690462,2.745454,2.800567,2.8557788,2.9110709,2.966423,3.021815,3.077227
32,MTRNR2L12,0,0,40.89,2.833e-08,0.00021403,0.320038,0.323725,0.32752,0.331532,0.335868,0.340637,0.345948,0.351909,0.358627,0.3662112,0.3747699,0.384411,0.395243,0.407375,0.420913,0.435968,0.452638,0.470876,0.490505,0.5113409,0.5332027,0.555908,0.579273,0.603118,0.627258,0.651513,0.675699,0.69963,0.72314,0.74602,0.76811,0.78922,0.80917,0.82779,0.845164,0.861483,0.876954,0.891781,0.9061668,0.920316,0.934431,0.948717,0.963377,0.978615,0.994634,1.01164,1.029831,1.0494153,1.070529,1.093162,1.117286,1.14287,1.169886,1.198305,1.228097,1.259233,1.2916843,1.3254211,1.360414,1.396635,1.434053,1.472641,1.512368,1.553205,1.595123,1.638094,1.682087,1.727073,1.773024,1.81991,1.867701,1.9163695,1.9658851,2.016219,2.067342,2.119224,2.171837,2.225151,2.279137,2.3337665,2.38900927,2.4448364,2.501219,2.558127,2.615532,2.673405,2.731715,2.790435,2.849535,2.908986,2.968757,3.028821,3.089148,3.149709,3.210475,3.271415,3.332502,3.3937056,3.454997,3.516347,3.577726
33,MTRNR2L8,0,0,30.866,3.2601e-06,0.024611,0.887291,0.812115,0.737501,0.664009,0.5922,0.522635,0.455877,0.392485,0.333021,0.2780458,0.2281211,0.183808,0.145667,0.114259,0.090147,0.07389,0.066013,0.066375,0.074243,0.0888687,0.1095016,0.135392,0.165789,0.199943,0.237105,0.276523,0.317449,0.35913,0.40082,0.44177,0.48122,0.51843,0.55265,0.58319,0.610109,0.633858,0.654909,0.673733,0.6907981,0.706574,0.721529,0.736134,0.750857,0.766167,0.782533,0.80043,0.820313,0.842664,0.867798,0.895706,0.926334,0.9596289,0.995538,1.034007,1.074983,1.118414,1.1642439,1.2124214,1.262893,1.315604,1.370502,1.427535,1.486647,1.547786,1.610899,1.675933,1.742833,1.811547,1.882021,1.954202,2.028037,2.1034717,2.1804535,2.258929,2.338845,2.420147,2.502783,2.586699,2.671842,2.7581588,2.8455955,2.9340991,3.023616,3.114093,3.2054773,3.297715,3.390752,3.484537,3.579014,3.674132,3.769837,3.866075,3.962793,4.059938,4.157456,4.255295,4.3533997,4.4517181,4.550196,4.648782,4.74742
