,HumanGene,MouseGene,correlation
0,STT3B,Stt3b,0.6222392809
1,POLR1D,Polr1d,0.7524132575
2,CD81,Cd81,0.7680637026
3,ERP29,Erp29,0.6868718889
4,LY6E,Ly6e,0.8649833592
5,VIM,Vim,0.9871192294
6,ARPC2,Arpc2,0.9438010167
7,PLAC8,Plac8,0.9513793086
8,SNX5,Snx5,0.9498072505
9,IFITM2,Ifitm2,0.9319502119
10,ARPC3,Arpc3,0.9248270904
11,CNBP,Cnbp,0.9122234963
12,EIF2S3,Eif2s3x,0.6676329397
13,EIF3H,Eif3h,0.9406539261
14,NAP1L1,Nap1l1,0.7520332505
15,CDK6,Cdk6,0.9287600134
16,H3F3B,H3f3a,-0.779030591
17,BTF3,Btf3,0.9072180716
18,ACTG1,Actg1,0.9720823882
19,SET,Set,0.8056196714
20,B2M,B2m,0.9538811242
21,HINT1,Hint1,0.8797934406
22,RPS15,Rps15,0.8481009824
23,RPS19,Rps19,0.913840224
24,EEF2,Eef2,0.9732701173
25,RPL35A,Rpl35a,0.8983280878
26,NACA,Naca,0.9879834055
27,TPT1,Tpt1,0.38340039
28,RPL6,Rpl6,0.9868275654
29,RPL28,Rpl28,0.8835127116
30,RPLP0,Rplp0,0.9082737708
31,RPS9,Rps9,0.9115368208
32,RPL38,Rpl38,0.9774968769
33,RPL7,Rpl7,0.9825245642
34,RPLP2,Rplp2,0.896334293
35,RPL22,Rpl22,0.9905617601
36,RPS20,Rps20,0.9816719714
37,RPL24,Rpl24,0.936572233
38,RPSA,Rpsa,0.9020764371
39,RPL10A,Rpl10a,0.9844611803
40,RPS14,Rps14,0.9906981365
41,RPS5,Rps5,0.9436376791
42,RPS25,Rps25,0.8917866158
43,EEF1B2,Eef1b2,0.9731838904
44,RPS3,Rps3,0.9699548196
45,RPL31,Rpl31,0.9510560346
46,RPS24,Rps24,0.9564885247
47,RPL18,Rpl18,0.919716212
48,RPS18,Rps18,0.997476354
49,RPS21,Rps21,0.942527202
50,RPL27A,Rpl27a,0.9680780797
51,RPS17,Rps17,0.9221071377
52,RPL4,Rpl4,0.990591647
53,RPS2,Rps2,0.8798487364
54,RPL13,Rpl13,0.9974520436
55,RPL10,Rpl10,0.9796086842
56,RPL13A,Rpl13a,0.987069672
57,RPL7A,Rpl7a,0.9621989507
58,RPS29,Rps29,0.916424154
59,RPL15,Rpl15,0.9902449459
60,RPS28,Rps28,0.9931343519
61,RPS6,Rps6,0.9618825491
62,RPS11,Rps11,0.9970161876
63,RPL37A,Rpl37a,0.9644348996
64,EEF1A1,Eef1a1,0.9890781935
65,RPS8,Rps8,0.9241060821
66,PDLIM1,Pdlim1,0.8481981368
67,HDAC7,Hdac7,0.9814058299
68,TXNIP,Txnip,0.6754238411
69,TOP2B,Top2b,0.6620046966
70,MYC,Myc,0.9825803851
71,HNRNPDL,Hnrnpdl,0.7324580834
72,SERINC3,Serinc3,-0.6097227218
73,PABPC1,Pabpc1,-0.7039950569
74,HSP90AB1,Hsp90ab1,0.9818341119
75,COMT,Comt,-0.3455022126
76,NSA2,Nsa2,0.9450975874
77,NONO,Nono,0.8588296133
78,ZFP36L2,Zfp36l2,0.9630190855
79,ACTB,Actb,0.9408367695
80,VAPA,Vapa,0.8012868115
81,MYB,Myb,0.9097849862
82,ARID1A,Arid1a,0.8870585004
83,TRIB2,Trib2,0.7642849026
84,YWHAZ,Ywhaz,0.9543410825
85,NOA1,Noa1,0.6676048786
86,SND1,Snd1,0.9578331472
87,VDAC1,Vdac1,0.7667543014
88,TAGLN2,Tagln2,0.7541956779
89,SPN,Spn,0.9754337603
90,NPM1,Npm1,0.972224524
91,ARPP19,Arpp19,0.5628768302
92,BCL11A,Bcl11a,0.9024351316
93,RSL1D1,Rsl1d1,0.9149370657
94,ATXN7L3B,Atxn7l3b,0.643758809
95,CAPZB,Capzb,0.9735926683
96,CDK2AP1,Cdk2ap1,0.7124927874
97,MIF,Mif,0.9129074726
98,RPL23,Rpl23,0.9325268617
99,APBB1IP,Apbb1ip,0.6102295662
100,RAB14,Rab14,0.8663227864
101,TRAM1,Tram1,0.6893903956
102,LDHA,Ldha,0.9595089647
103,CSDE1,Csde1,0.8373630544
104,UBA1,Uba1,0.9323951339
105,GPX4,Gpx4,-0.1572271496
106,CLNS1A,Clns1a,0.9373921304
107,TOMM20,Tomm20,0.9247284197
108,EIF4G2,Eif4g2,0.8509758525
109,YWHAB,Ywhab,0.9865789657
110,ARGLU1,Arglu1,0.8360965608
111,DDOST,Ddost,0.6884444764
112,CLINT1,Clint1,0.9058143041
113,SSR1,Ssr1,0.7989232067
114,TMEM147,Tmem147,0.8937840408
115,VDAC2,Vdac2,0.9567420318
116,LARP1,Larp1,0.4911426311
117,HNRNPA0,Hnrnpa0,0.976813949
118,STMN1,Stmn1,0.8291391545
119,SPTSSA,Sptssa,0.7876382776
120,MRPL45,Mrpl45,-0.0503795295
121,DHRS11,Dhrs11,-0.5146437487
122,ALDOA,Aldoa,0.9580945022
123,MAPRE1,Mapre1,0.9521056599
124,NFKB1,Nfkb1,0.6602049426
125,EIF3D,Eif3d,0.8939359098
126,APOE,Apoe,-0.0627409043
127,APLP2,Aplp2,0.4826364166
128,ZNF207,Zfp207,0.775408845
129,KHDRBS1,Khdrbs1,0.8226027099
130,CBLL1,Cbll1,-0.5116511665
131,PEBP1,Pebp1,0.986613135
132,EIF4B,Eif4b,0.9804803685
133,EPS15,Eps15,0.3856950085
134,NIFK,Nifk,0.9308944962
135,MTA1,Mta1,0.8227735476
136,TMED2,Tmed2,0.4236931865
137,MRPS18B,Mrps18b,0.8011058557
138,RPN2,Rpn2,0.9047634095
139,FASN,Fasn,0.9034383753
140,GNL3,Gnl3,0.9406677198
141,LMAN1,Lman1,0.9689557779
142,TM9SF3,Tm9sf3,0.5639318203
143,IMP3,Imp3,0.9813391092
144,SEPT2,Sept2,0.4298499742
145,PSMB4,Psmb4,0.8950950557
146,TRIM28,Trim28,0.9046028405
147,HMGN1,Hmgn1,0.9035351849
148,PFN1,Pfn1,0.973542352
149,BMS1,Bms1,0.9221682938
150,TOMM70,Tomm70a,0.9449916387
151,PMF1,Pmf1,0.340392426
152,TCF25,Tcf25,0.91818558
153,TMED10,Tmed10,0.9402878657
154,XPOT,Xpot,0.9733717674
155,FAM136A,Fam136a,0.9606198486
156,TMX1,Tmx1,0.0678909625
157,CUTA,Cuta,0.8511361638
158,IPO5,Ipo5,0.921142994
159,ATIC,Atic,0.8992265235
160,CD47,Cd47,0.3611135546
161,MORF4L2,Morf4l2,0.932504996
162,UQCRB,Uqcrb,0.7653614234
163,ST13,St13,0.9411125124
164,TXN,Txn1,0.9088994429
165,KPNB1,Kpnb1,0.8979430785
166,RBMX2,Rbmx2,-0.5451748353
167,PPID,Ppid,0.8453150321
168,NFE2L2,Nfe2l2,0.9304234171
169,DCTPP1,Dctpp1,0.8110533761
170,CHCHD10,Chchd10,0.4151048355
171,RRS1,Rrs1,0.8104111285
172,ATP2A2,Atp2a2,0.9069078975
173,YWHAG,Ywhag,0.9580871266
174,RPS27L,Rps27l,0.9577405896
175,WDR82,Wdr82,0.9556940646
176,DHX15,Dhx15,0.9510159441
177,TFR2,Tfr2,0.9562397196
178,MBNL1,Mbnl1,0.763994123
179,AK2,Ak2,0.8646218093
180,PARP1,Parp1,0.8904725079
181,FBL,Fbl,0.9241606515
182,PRPF8,Prpf8,0.8597130613
183,CANX,Canx,0.9329524057
184,MORF4L1,Morf4l1,0.9690885866
185,DDX5,Ddx5,0.9240356201
186,CHCHD2,Chchd2,0.957983315
187,ZFPM1,Zfpm1,0.074741332
188,SMCHD1,Smchd1,0.9111900005
189,WDR43,Wdr43,0.9641326889
190,PPIB,Ppib,0.6876466378
191,EIF6,Eif6,0.8648087457
192,NOP16,Nop16,0.9208492485
193,ANAPC5,Anapc5,0.374847184
194,CERS2,Cers2,0.9546267201
195,MOSPD3,Mospd3,0.825790233
196,PRRC2C,Prrc2c,0.8431674874
197,SRP72,Srp72,0.8562052062
198,UBA2,Uba2,0.8840338775
199,SDHC,Sdhc,0.9630461086
200,SRM,Srm,0.9387581424
201,PCBP2,Pcbp2,0.9900144847
202,DKC1,Dkc1,0.9429093504
203,TBCA,Tbca,0.8462507278
204,SYNCRIP,Syncrip,0.9620108611
205,SLC25A5,Slc25a5,0.9696226306
206,C1QBP,C1qbp,0.9385860916
207,CFL1,Cfl1,0.9933112602
208,COX5A,Cox5a,0.9693643136
209,CTBP1,Ctbp1,0.5184549696
210,SPCS3,Spcs3,0.833798963
211,EMC6,Emc6,0.9026839748
212,CAD,Cad,0.9734540293
213,NUP62,Nup62,0.6603772202
214,CFDP1,Cfdp1,0.7947915334
215,SNRPA1,Snrpa1,0.9714866326
216,COX6B1,Cox6b1,0.8503043367
217,ISOC1,Isoc1,-0.6900549327
218,NECAP2,Necap2,0.7254344857
219,NUDT21,Nudt21,0.9387942958
220,TSN,Tsn,0.8954569927
221,CCT5,Cct5,0.9210492882
222,SRSF1,Srsf1,0.8480733637
223,SUMO2,Sumo2,0.9447987148
224,C1orf131,2810004N23Rik,0.927381282
225,NSUN2,Nsun2,0.8912292773
226,NUDCD2,Nudcd2,0.9205551967
227,UQCRC2,Uqcrc2,0.8881059376
228,POLR2F,Polr2f,0.974137748
229,HCFC1,Hcfc1,0.8348022872
230,G3BP1,G3bp1,0.9108055248
231,SLC25A3,Slc25a3,0.9469717704
232,FKBP4,Fkbp4,0.9545084131
233,SERBP1,Serbp1,0.9738930113
234,PHB2,Phb2,0.8910841622
235,GTF2H1,Gtf2h1,0.1932731754
236,MRPS14,Mrps14,0.83538585
237,ACSL5,Acsl5,0.8705893713
238,HECTD1,Hectd1,0.9295093281
239,MDN1,Mdn1,0.8549897551
240,SRSF6,Srsf6,0.9793465401
241,EIF4E,Eif4e,0.9686272164
242,NEDD8,Nedd8,0.9782714256
243,RPN1,Rpn1,0.9578811472
244,U2SURP,U2surp,0.9358529695
245,PSMA4,Psma4,0.9479314312
246,MDH2,Mdh2,0.882682236
247,SRSF9,Srsf9,0.8394015461
248,PSMA1,Psma1,0.6829773715
249,TIMM13,Timm13,0.9221113464
250,NOP56,Nop56,0.9327058678
251,NDUFC2,Ndufc2,0.9511431387
252,SSB,Ssb,0.9616036347
253,GNG5,Gng5,0.8645052517
254,SUB1,Sub1,0.8937631701
255,SFPQ,Sfpq,0.9672409011
256,HNRNPAB,Hnrnpab,0.9653209492
257,NPM3,Npm3,0.8947106887
258,RCC1,Rcc1,0.7962331033
259,RPL7L1,Rpl7l1,0.8774921662
260,ABCE1,Abce1,0.869570816
261,TTLL12,Ttll12,0.7888467169
262,CLUH,Cluh,0.9003198877
263,RBM8A,Rbm8a,0.9746172224
264,HPRT1,Hprt,0.9247570138
265,VCP,Vcp,0.9001858683
266,APEX1,Apex1,0.9247592366
267,ITGB1,Itgb1,0.9059409334
268,PAICS,Paics,0.9686559787
269,PABPC4,Pabpc4,0.5531592816
270,HSPD1,Hspd1,0.9126361075
271,HNRNPC,Hnrnpc,0.9652089394
272,WDR5,Wdr5,0.9399251955
273,ATOX1,Atox1,0.6510030096
274,PDS5A,Pds5a,0.9570435611
275,MBD2,Mbd2,0.8267845154
276,UCK2,Uck2,0.9178282579
277,ATP6V1F,Atp6v1f,0.8395651508
278,RYK,Ryk,0.854556075
279,SRRT,Srrt,0.9728115831
280,DDX46,Ddx46,0.73787861
281,SDHD,Sdhd,0.9387308818
282,CLTA,Clta,0.916144039
283,PPP2R1A,Ppp2r1a,0.9108069431
284,FAM96A,Fam96a,0.7477558995
285,TOMM22,Tomm22,0.875666149
286,CCT8,Cct8,0.94976643
287,TOMM40,Tomm40,0.8295109058
288,NOP58,Nop58,0.9385211306
289,MAT2A,Mat2a,0.8417674082
290,DDX39B,Ddx39b,0.9798156689
291,CDK4,Cdk4,0.9659297722
292,REXO2,Rexo2,0.959985712
293,EIF4A3,Eif4a3,0.9215546901
294,LSM2,Lsm2,0.8704083497
295,LGALS3BP,Lgals3bp,0.8315071707
296,UBE2L6,Ube2l6,-0.6274578931
297,SAE1,Sae1,0.8793851442
298,ACTL6A,Actl6a,0.8577605825
299,TRUB2,Trub2,-0.1721222106
300,PSMA3,Psma3,0.8953305007
301,CS,Cs,0.9081564018
302,UBE2L3,Ube2l3,0.9067606704
303,TP53,Trp53,0.7888235231
304,DPY30,Dpy30,0.9406017485
305,PFDN2,Pfdn2,0.8350361127
306,SKP1,Skp1a,0.8579782186
307,NME1,Nme1,0.918527344
308,GART,Gart,0.8675333064
309,CCT4,Cct4,0.9545624892
310,THOC7,Thoc7,0.9176676717
311,DNAJC8,Dnajc8,0.7767104166
312,CAPRIN1,Caprin1,0.9346225753
313,MTHFD1,Mthfd1,0.9099086687
314,NHP2,Nhp2,0.9390567955
315,LYAR,Lyar,0.918029402
316,DDX21,Ddx21,0.8645398628
317,HNRNPF,Hnrnpf,0.9707125657
318,NCL,Ncl,0.9154345234
319,MRPL52,Mrpl52,0.9008159739
320,AHSA1,Ahsa1,0.8157605397
321,NOC2L,Noc2l,0.9167734328
322,M6PR,M6pr,0.8822356052
323,TARDBP,Tardbp,0.9577366793
324,EFTUD2,Eftud2,0.8230923027
325,SHMT2,Shmt2,0.8302985505
326,MRPL18,Mrpl18,0.8238880955
327,EIF2S1,Eif2s1,0.8430566301
328,RAD23B,Rad23b,0.8202234458
329,SF3B5,Sf3b5,0.8333860863
330,EEF1E1,Eef1e1,0.8941703967
331,TPI1,Tpi1,0.8888189517
332,SF3B6,Sf3b6,0.9205141177
333,HSPA9,Hspa9,0.8982118378
334,U2AF2,U2af2,0.9638121418
335,TOMM7,Tomm7,0.9286143061
336,EIF5B,Eif5b,0.8557728375
337,EIF3A,Eif3a,0.9600789574
338,HSPE1,Hspe1,0.9360138514
339,TCP1,Tcp1,0.85764897
340,SNRPD1,Snrpd1,0.9075936777
341,PPIA,Ppia,0.8973124967
342,BRI3BP,Bri3bp,0.7425826595
343,RFWD3,Rfwd3,0.6962164731
344,SRP19,Srp19,0.7889645214
345,FUBP1,Fubp1,0.8857597711
346,ACIN1,Acin1,0.9195095925
347,HSPBP1,Hspbp1,0.8421294009
348,DAP3,Dap3,0.906895246
349,RCL1,Rcl1,0.6612630714
350,NIP7,Nip7,0.8715950117
351,XPO1,Xpo1,0.8432606951
352,SDHA,Sdha,0.8104448163
353,PSME3,Psme3,-0.4390723577
354,RCC2,Rcc2,0.9700355662
355,PSME1,Psme1,0.636369025
356,MINOS1,Minos1,0.8821549293
357,UBE2I,Ube2i,0.9287973466
358,PARK7,Park7,0.863197141
359,CCT3,Cct3,0.8093716422
360,CACYBP,Cacybp,0.8918466247
361,ERH,Erh,0.9368997336
362,SRSF7,Srsf7,0.9369985186
363,RBM3,Rbm3,0.8832847059
364,HNRNPM,Hnrnpm,0.9227341129
365,EIF5A,Eif5a,0.8972763124
366,GATAD2A,Gatad2a,0.7602450773
367,LMAN2,Lman2,0.8595300395
368,CHCHD3,Chchd3,0.9037169436
369,GNB1,Gnb1,0.9566544709
370,SF3B3,Sf3b3,0.8422088978
371,LDB1,Ldb1,0.7038258057
372,ATP13A3,Atp13a3,0.6867501806
373,FARSB,Farsb,0.8494264618
374,EIF4EBP1,Eif4ebp1,0.8525228489
375,CSNK2B,Csnk2b,0.931936874
376,CHD4,Chd4,0.8977484116
377,BZW1,Bzw1,0.7140078915
378,API5,Api5,0.9352131824
379,STRAP,Strap,0.9424923718
380,PLA2G12A,Pla2g12a,0.8792721832
381,DDX18,Ddx18,0.8247655541
382,SF3B2,Sf3b2,0.9808142433
383,TXN2,Txn2,0.9607359232
384,PTBP1,Ptbp1,0.8665005199
385,MCM3,Mcm3,0.7597544187
386,NASP,Nasp,0.912654995
387,BANF1,Banf1,0.9689722933
388,HNRNPR,Hnrnpr,0.9433956228
389,DYNLL1,Dynll1,0.9526288567
390,TRA2B,Tra2b,0.9321835737
391,HNRNPH1,Hnrnph1,0.8209970928
392,PRELID1,Prelid1,0.943478451
393,HNRNPU,Hnrnpu,0.9418993352
394,EIF3I,Eif3i,0.8150389841
395,PRPF19,Prpf19,0.8100467214
396,MRFAP1,Mrfap1,0.9235190588
397,PSMB7,Psmb7,0.8189321133
398,PHF5A,Phf5a,0.8575805755
399,LAMP1,Lamp1,0.9506806537
400,PAPOLA,Papola,0.7219009301
401,STIP1,Stip1,0.8867326488
402,LSM4,Lsm4,0.882643799
403,NUDC,Nudc,0.8701139308
404,DNAJA1,Dnaja1,0.504461217
405,LSM3,Lsm3,0.8400736045
406,FAM120A,Fam120a,0.9333218607
407,CCT7,Cct7,0.9403581735
408,SRP9,Srp9,0.830718361
409,SOD1,Sod1,0.8829202775
410,POLE3,Pole3,0.8111216373
411,UQCRQ,Uqcrq,0.9634538089
412,SUPT16H,Supt16,0.9385393191
413,PRDX3,Prdx3,0.7627039046
414,NDUFA4,Ndufa4,0.9691234918
415,COX7A2,Cox7a2,0.9129967905
416,CCT2,Cct2,0.8468628516
417,TMA7,Tma7,0.9805484753
418,NOP10,Nop10,0.7557935796
419,RPL14,Rpl14,0.9279182356
420,LMNB1,Lmnb1,0.6579106819
421,SYAP1,Syap1,-0.5487888137
422,THRAP3,Thrap3,0.9063012719
423,PPP1R14B,Ppp1r14b,0.8404116731
424,ETF1,Etf1,0.9019312623
425,HSPH1,Hsph1,0.852275674
426,ACSS1,Acss1,0.8272207434
427,SNRNP70,Snrnp70,0.8856489172
428,SRSF11,Srsf11,0.8843829511
429,HNRNPL,Hnrnpl,0.8371653031
430,EIF3B,Eif3b,0.9503699516
431,POMP,Pomp,0.8005503975
432,SNRPD2,Snrpd2,0.8780193514
433,SNRPD3,Snrpd3,0.8989643878
434,TRMT112,Trmt112,0.8045572803
435,EIF4A1,Eif4a1,0.8898039199
436,SF3B4,Sf3b4,0.7735973319
437,SFXN1,Sfxn1,0.613564891
438,PSMD11,Psmd11,0.8905050329
439,PHF10,Phf10,0.9240603834
440,NDUFA8,Ndufa8,0.7364010909
441,UQCR10,Uqcr10,0.9750032596
442,NDUFB8,Ndufb8,0.8022744743
443,PRDX1,Prdx1,0.8430683818
444,SNF8,Snf8,0.4486547228
445,DDX1,Ddx1,0.9011684259
446,EIF4H,Eif4h,0.9284383449
447,CSE1L,Cse1l,0.7995806953
448,SUMO3,Sumo3,0.7636877438
449,UQCR11,Uqcr11,0.7190979991
450,ELAVL1,Elavl1,0.8562720022
451,PDAP1,Pdap1,0.8284603176
452,KHSRP,Khsrp,0.9104127975
453,RPL36AL,Rpl36al,0.8214827249
454,COX4I1,Cox4i1,0.9349170345
455,MCM6,Mcm6,0.8555406408
456,SNRPB,Snrpb,0.9773859947
457,RAN,Ran,0.9388645285
458,HNRNPD,Hnrnpd,0.9773275235
459,ACO2,Aco2,0.6187412304
460,PSMC1,Psmc1,0.7889664395
461,KLHDC3,Klhdc3,0.8379259306
462,MRPL34,Mrpl34,0.7129192886
463,LRRC59,Lrrc59,0.6902966858
464,CKS2,Cks2,0.7403304133
465,DDX39A,Ddx39,0.7495696392
466,PSMD8,Psmd8,0.8334352165
467,UBL5,Ubl5,0.7854874101
468,PPM1G,Ppm1g,0.9091515896
469,MAZ,Maz,0.8642814846
470,PTGES3,Ptges3,0.683599805
471,SSRP1,Ssrp1,0.9598430279
472,PA2G4,Pa2g4,0.7592075434
473,COX6A1,Cox6a1,0.9535800529
474,RBBP4,Rbbp4,0.8954604173
475,YWHAE,Ywhae,0.8295620759
476,PTP4A2,Ptp4a2,0.8860994695
477,RANBP1,Ranbp1,0.843142687
478,SRSF3,Srsf3,0.8840892571
479,RPS26,Rps26,0.9235412092
480,RPS16,Rps16,0.8763293661
481,CDT1,Cdt1,0.7039006172
482,CSNK1A1,Csnk1a1,0.8352032645
483,CKS1B,Cks1b,0.8401240212
484,SMARCA5,Smarca5,0.9622336286
485,C11orf58,1110004F10Rik,0.8726428694
486,CBX5,Cbx5,0.9319771034
487,SPCS2,Spcs2,0.9009272896
488,PSMB1,Psmb1,0.889816215
489,YWHAQ,Ywhaq,0.8117649524
490,PRPS1,Prps1,0.3846184795
491,EDF1,Edf1,0.7845816682
492,EIF4G1,Eif4g1,0.7730472815
493,MCM5,Mcm5,0.9380562633
494,DTYMK,Dtymk,0.8120208999
495,CYB5A,Cyb5a,0.5495535134
496,CYC1,Cyc1,0.9246805881
497,TCEA1,Tcea1,0.8437744848
498,LMNA,Lmna,0.7672084607
499,COX8A,Cox8a,0.9043752948
500,CBX3,Cbx3,0.8542795865
501,YBX1,Ybx1,0.508119303
502,PCBP1,Pcbp1,0.7884868887
503,H2AFZ,H2afz,0.9407659599
504,CENPW,Cenpw,0.7397574041
505,ODC1,Odc1,0.6750749127
506,NDUFA2,Ndufa2,0.8026300675
507,DNMT1,Dnmt1,0.9887070714
508,SMC3,Smc3,0.9866254841
509,BAZ1A,Baz1a,0.7258890319
510,SLC29A1,Slc29a1,0.8994230398
511,RPL8,Rpl8,0.9253392942
512,GNB2,Gnb2,0.6908697373
513,CD82,Cd82,0.4936760073
514,SLBP,Slbp,0.7783596555
515,NAA50,Naa50,0.5019040242
516,RPA1,Rpa1,0.8718408496
517,MCM2,Mcm2,0.9594930968
518,MYH10,Myh10,0.7758019619
519,TMEM14C,Tmem14c,0.8586804992
520,SRSF2,Srsf2,0.8204670331
521,HSP90AA1,Hsp90aa1,0.4831015718
522,CASP8AP2,Casp8ap2,-0.5516304102
523,AP1B1,Ap1b1,0.9034990404
524,PSMD1,Psmd1,0.6173001496
525,FEN1,Fen1,0.9601816801
526,METAP2,Metap2,0.6485203785
527,DUT,Dut,0.7152141048
528,VRK1,Vrk1,0.6496748969
529,CCNE1,Ccne1,0.9049098994
530,GARS,Gars,0.3635434897
531,MCM4,Mcm4,0.9850486586
532,SMIM1,Smim1,0.7047655185
533,HAT1,Hat1,0.79745138
534,EIF2S2,Eif2s2,0.702616167
535,HEBP1,Hebp1,0.929282279
536,CD59,Cd59b,0.0172353105
537,CCNB2,Ccnb2,0.9265564479
538,HNRNPA2B1,Hnrnpa2b1,0.8903559894
539,TK1,Tk1,0.9444146674
540,RRM1,Rrm1,0.9874685046
541,MCM7,Mcm7,0.9953644581
542,PCNA,Pcna,0.975197499
543,PBRM1,Pbrm1,0.9793140647
544,EPRS,Eprs,0.0360792009
545,COX17,Cox17,0.8780995629
546,GFI1B,Gfi1b,0.8512181436
547,RDX,Rdx,0.2002655509
548,NCAPD2,Ncapd2,0.9855302021
549,TUBA1C,Tuba1c,0.6312158537
550,SMC2,Smc2,0.9828025956
551,GATA1,Gata1,0.8029586657
552,CTSE,Ctse,0.96046043
553,NUCKS1,Nucks1,0.6405077956
554,OAT,Oat,-0.3662669149
555,BIRC5,Birc5,0.9743687672
556,LEPROT,Leprot,0.8050385312
557,DNAJC9,Dnajc9,0.9123214056
558,HNRNPK,Hnrnpk,0.8143590939
559,SUZ12,Suz12,0.7729970199
560,CCNA2,Ccna2,0.9833832934
561,TCF3,Tcf3,0.1434058996
562,UBAC1,Ubac1,0.9379852183
563,MYBL2,Mybl2,0.9077866542
564,UBXN1,Ubxn1,0.5864635362
565,ARF6,Arf6,0.8502539729
566,NFIA,Nfia,-0.0551306646
567,DEK,Dek,0.9305236431
568,TUBB,Tubb5,0.8794415248
569,SAMD1,Samd1,0.5934739785
570,CARHSP1,Carhsp1,0.9071714251
571,IKZF1,Ikzf1,0.1075738263
572,FTH1,Fth1,0.7709511866
573,STEAP3,Steap3,0.2654334628
574,SSBP3,Ssbp3,0.710056109
575,RGS10,Rgs10,0.1591155665
576,CDK1,Cdk1,0.9654916944
577,SON,Son,0.4598129693
578,AMMECR1,Ammecr1,-0.1202626807
579,UROS,Uros,0.965716262
580,TMPO,Tmpo,0.9181332152
581,PICALM,Picalm,0.8492163478
582,MINPP1,Minpp1,0.0127781808
583,RRM2,Rrm2,0.9402535566
584,TUBB4B,Tubb4b,0.8630913987
585,TUBA1B,Tuba1b,0.7046076667
586,HTRA2,Htra2,-0.2067411238
587,CCND3,Ccnd3,0.9248049019
588,TOP2A,Top2a,0.9239828164
589,ASAP1,Asap1,0.5939152246
590,ADD1,Add1,0.9409695836
591,KEL,Kel,0.9522324613
592,DDX17,Ddx17,0.5092103685
593,E2F4,E2f4,0.5595867099
594,SMC4,Smc4,0.9268194815
595,PRDX2,Prdx2,0.758102711
596,ATP1B2,Atp1b2,-0.7205102713
597,RAD21,Rad21,0.8198448707
598,EPOR,Epor,0.723433926
599,MKI67,Mki67,0.9252603383
600,HMGB2,Hmgb2,0.8534272813
601,PIGQ,Pigq,0.945845404
602,MKNK2,Mknk2,0.5030976373
603,DCK,Dck,0.7444195991
604,MFHAS1,Mfhas1,-0.0282122753
605,TMEM56,Tmem56,0.1778818347
606,KLF1,Klf1,0.6846461997
607,LBR,Lbr,0.8440392015
608,RHD,Rhd,0.9243731035
609,ZBTB7A,Zbtb7a,0.2191393867
610,AGO2,Ago2,0.8430900655
611,AQP1,Aqp1,0.8732725385
612,CPOX,Cpox,0.0923554169
613,HDGF,Hdgf,-0.489288233
614,ABCB10,Abcb10,0.8619136724
615,ALAD,Alad,0.8641387064
616,H3F3A,H3f3a,0.5906730578
617,CA1,Car1,-0.6864139009
618,MGST3,Mgst3,0.8498530772
619,CA2,Car2,0.8174234046
620,ISG20,Isg20,0.7297504101
621,PPP1R15A,Ppp1r15a,0.9011592348
622,SLC6A9,Slc6a9,0.893736641
623,RNF123,Rnf123,0.8078537878
624,FAM117A,Fam117a,0.903829098
625,UCP2,Ucp2,0.4782394458
626,RHCE,Rhd,0.8520906285
627,UROD,Urod,0.8721609417
628,TAL1,Tal1,0.3786209504
629,ERMAP,Ermap,0.7525313769
630,SPTB,Sptb,0.9240978308
631,RHAG,Rhag,0.6476796645
632,TFRC,Tfrc,0.713281109
633,TRIM10,Trim10,0.6402824403
634,HEMGN,Hemgn,0.796581463
635,E2F2,E2f2,0.8118844633
636,SPTA1,Spta1,0.811563614
637,HMBS,Hmbs,0.8066551397
638,SMOX,Smox,0.8959837679
639,ACP1,Acp1,0.5017769812
640,RAD23A,Rad23a,0.7736679909
641,EXOSC2,Exosc2,-0.7438040462
642,GRINA,Grina,0.5623275614
643,XRCC2,Xrcc2,0.9421114127
644,DDX56,Ddx56,0.9050520897
645,RAVER1,Raver1,-0.6137100705
646,PRMT1,Prmt1,0.8798103868
647,PSENEN,Psenen,-0.8151903653
648,FBXO28,Fbxo28,0.9052060045
649,CDC34,Cdc34,-0.4274582181
650,LATS1,Lats1,0.6101819601
651,MBTD1,Mbtd1,-0.4656366491
652,DDX27,Ddx27,-0.0925206229
653,PPP2R1B,Ppp2r1b,0.1199755602
654,PPIF,Ppif,0.6343594021
655,NRAS,Nras,0.6816753437
656,CENPA,Cenpa,-0.394386319
657,WHAMM,Whamm,0.9557340446
658,ANKRD13A,Ankrd13a,-0.4812034255
659,GTF2A1,Gtf2a1,0.7223625699
660,SNX3,Snx3,-0.2991255464
661,SFSWAP,Sfswap,0.608544021
662,ARF5,Arf5,-0.033421424
663,CENPV,Cenpv,0.8837457739
664,TCOF1,Tcof1,0.6703177253
665,AURKAIP1,Aurkaip1,-0.0451262283
666,BZW2,Bzw2,0.8665039432
667,EIF3C,Eif3c,-0.2708111917
668,MRPL17,Mrpl17,0.8028479592
669,POLR1C,Polr1c,0.4094837988
670,IDH3B,Idh3b,-0.3964381743
671,DNAJA2,Dnaja2,0.0319848422
672,UBE2O,Ube2o,0.990623303
673,RUVBL2,Ruvbl2,0.0821660715
674,GPATCH11,Gpatch11,0.6207244346
675,POLQ,Polq,0.87510901
676,MRPL36,Mrpl36,-0.387818743
677,LUC7L,Luc7l,-0.4413205031
678,CRNKL1,Crnkl1,0.9602218009
679,SCYL1,Scyl1,0.855773002
680,ABCF2,Abcf2,-0.3459830251
681,MRPL28,Mrpl28,-0.3685049194
682,PRDX6,Prdx6,-0.7259487349
683,CTSB,Ctsb,0.9829342181
684,BAG2,Bag2,0.4750838986
685,RPIA,Rpia,-0.4086597702
686,TMCC2,Tmcc2,0.7114682881
687,DMTN,Dmtn,0.3279164825
688,CCNDBP1,Ccndbp1,0.9856399032
689,WDR26,Wdr26,0.8263553811
690,XPO7,Xpo7,0.8877132771
691,GYPC,Gypc,0.2884631816
692,OAZ1,Oaz1,0.8157942091
693,ANK1,Ank1,0.3100647005
694,BSG,Bsg,0.1150010918
695,BLVRB,Blvrb,0.385232257
696,GSPT1,Gspt1,-0.2259503799
697,TRAK2,Trak2,0.3343065405
698,FAM210B,Fam210b,0.3054139274
699,ADIPOR1,Adipor1,0.9228064348
700,MPP1,Mpp1,0.9137352112
701,RNF10,Rnf10,0.9483132646
702,DCAF12,Dcaf12,0.907940624
703,FECH,Fech,0.9774645962
704,BCL2L1,Bcl2l1,0.9533995511
705,RBM38,Rbm38,0.1109731846
706,YBX3,Ybx3,0.9645166661
707,GLRX5,Glrx5,0.7157186148
708,BPGM,Bpgm,0.9570335313
709,SLC4A1,Slc4a1,0.9736307351
710,MKRN1,Mkrn1,0.9404626995
711,FAM46C,Fam46c,0.9557058675
712,HBA1,Hba-a1,0.9766986359
713,SLC25A39,Slc25a39,0.9756708187
714,SNCA,Snca,0.9774253477
715,HBA2,Hba-a1,0.9842572858
716,BNIP3L,Bnip3l,0.9554948828
717,ALAS2,Alas2,0.9748004683
718,SLC25A37,Slc25a37,0.9848295993
719,HBB,Hbb-bs,0.9724183302
