,Gene,StatisticsValue,P-value,Adj P-value,Group3&13_PT_1,Group3&13_PT_0.99,Group3&13_PT_0.98,Group3&13_PT_0.97,Group3&13_PT_0.96,Group3&13_PT_0.95,Group3&13_PT_0.94,Group3&13_PT_0.93,Group3&13_PT_0.92,Group3&13_PT_0.91,Group3&13_PT_0.9,Group3&13_PT_0.89,Group3&13_PT_0.88,Group3&13_PT_0.87,Group3&13_PT_0.86,Group3&13_PT_0.85,Group3&13_PT_0.84,Group3&13_PT_0.83,Group3&13_PT_0.82,Group3&13_PT_0.81,Group3&13_PT_0.8,Group3&13_PT_0.79,Group3&13_PT_0.78,Group3&13_PT_0.77,Group3&13_PT_0.76,Group3&13_PT_0.75,Group3&13_PT_0.74,Group3&13_PT_0.73,Group3&13_PT_0.72,Group3&13_PT_0.71,Group3&13_PT_0.7,Group3&13_PT_0.69,Group3&13_PT_0.68,Group3&13_PT_0.67,Group3&13_PT_0.66,Group3&13_PT_0.65,Group3&13_PT_0.64,Group3&13_PT_0.63,Group3&13_PT_0.62,Group3&13_PT_0.61,Group3&13_PT_0.6,Group3&13_PT_0.59,Group3&13_PT_0.58,Group3&13_PT_0.57,Group3&13_PT_0.56,Group3&13_PT_0.55,Group3&13_PT_0.54,Group3&13_PT_0.53,Group3&13_PT_0.52,Group3&13_PT_0.51,Group3&13_PT_0.5,Group3&13_PT_0.49,Group3&13_PT_0.48,Group3&13_PT_0.47,Group3&13_PT_0.46,Group3&13_PT_0.45,Group3&13_PT_0.44,Group3&13_PT_0.43,Group3&13_PT_0.42,Group3&13_PT_0.41,Group3&13_PT_0.4,Group3&13_PT_0.39,Group3&13_PT_0.38,Group3&13_PT_0.37,Group3&13_PT_0.36,Group3&13_PT_0.35,Group3&13_PT_0.34,Group3&13_PT_0.33,Group3&13_PT_0.32,Group3&13_PT_0.31,Group3&13_PT_0.3,Group3&13_PT_0.29,Group3&13_PT_0.28,Group3&13_PT_0.27,Group3&13_PT_0.26,Group3&13_PT_0.25,Group3&13_PT_0.24,Group3&13_PT_0.23,Group3&13_PT_0.22,Group3&13_PT_0.21,Group3&13_PT_0.2,Group3&13_PT_0.19,Group3&13_PT_0.18,Group3&13_PT_0.17,Group3&13_PT_0.16,Group3&13_PT_0.15,Group3&13_PT_0.14,Group3&13_PT_0.13,Group3&13_PT_0.12,Group3&13_PT_0.11,Group3&13_PT_0.1,Group3&13_PT_0.09,Group3&13_PT_0.08,Group3&13_PT_0.07,Group3&13_PT_0.06,Group3&13_PT_0.05,Group3&13_PT_0.04,Group3&13_PT_0.03,Group3&13_PT_0.02,Group3&13_PT_0.01,Group3&13_PT_0,Group15_PT_0,Group15_PT_0.01,Group15_PT_0.02,Group15_PT_0.03,Group15_PT_0.04,Group15_PT_0.05,Group15_PT_0.06,Group15_PT_0.07,Group15_PT_0.08,Group15_PT_0.09,Group15_PT_0.1,Group15_PT_0.11,Group15_PT_0.12,Group15_PT_0.13,Group15_PT_0.14,Group15_PT_0.15,Group15_PT_0.16,Group15_PT_0.17,Group15_PT_0.18,Group15_PT_0.19,Group15_PT_0.2,Group15_PT_0.21,Group15_PT_0.22,Group15_PT_0.23,Group15_PT_0.24,Group15_PT_0.25,Group15_PT_0.26,Group15_PT_0.27,Group15_PT_0.28,Group15_PT_0.29,Group15_PT_0.3,Group15_PT_0.31,Group15_PT_0.32,Group15_PT_0.33,Group15_PT_0.34,Group15_PT_0.35,Group15_PT_0.36,Group15_PT_0.37,Group15_PT_0.38,Group15_PT_0.39,Group15_PT_0.4,Group15_PT_0.41,Group15_PT_0.42,Group15_PT_0.43,Group15_PT_0.44,Group15_PT_0.45,Group15_PT_0.46,Group15_PT_0.47,Group15_PT_0.48,Group15_PT_0.49,Group15_PT_0.5,Group15_PT_0.51,Group15_PT_0.52,Group15_PT_0.53,Group15_PT_0.54,Group15_PT_0.55,Group15_PT_0.56,Group15_PT_0.57,Group15_PT_0.58,Group15_PT_0.59,Group15_PT_0.6,Group15_PT_0.61,Group15_PT_0.62,Group15_PT_0.63,Group15_PT_0.64,Group15_PT_0.65,Group15_PT_0.66,Group15_PT_0.67,Group15_PT_0.68,Group15_PT_0.69,Group15_PT_0.7,Group15_PT_0.71,Group15_PT_0.72,Group15_PT_0.73,Group15_PT_0.74,Group15_PT_0.75,Group15_PT_0.76,Group15_PT_0.77,Group15_PT_0.78,Group15_PT_0.79,Group15_PT_0.8,Group15_PT_0.81,Group15_PT_0.82,Group15_PT_0.83,Group15_PT_0.84,Group15_PT_0.85,Group15_PT_0.86,Group15_PT_0.87,Group15_PT_0.88,Group15_PT_0.89,Group15_PT_0.9,Group15_PT_0.91,Group15_PT_0.92,Group15_PT_0.93,Group15_PT_0.94,Group15_PT_0.95,Group15_PT_0.96,Group15_PT_0.97,Group15_PT_0.98,Group15_PT_0.99,Group15_PT_1
0,Stmn1,43.7,7.4038e-09,0.00020861,0.487419,0.575878,0.6634162,0.74911207,0.8320444,0.9112922,0.9859341,1.055049,1.1177157,1.1730132,1.2200202,1.2578155,1.2854781,1.3021098,1.3076342,1.3029985,1.2892139,1.267292,1.238244,1.203082,1.162817,1.11846,1.071022,1.0215159,0.9709522,0.9203425,0.87069814,0.8230306,0.7783512,0.73757097,0.7008592,0.6680528,0.6389868,0.6134964,0.591417,0.5725838,0.5568319,0.5439966,0.5339131,0.5264166,0.5213424,0.5185257,0.517802,0.519006,0.521973,0.526538,0.532537,0.539805,0.548177,0.557488,0.56757414,0.5782696,0.58941,0.600831,0.612367,0.623853,0.6351256,0.64601908,0.65636887,0.6660306,0.674979,0.68323,0.690803,0.697714,0.703981,0.7096214,0.71465241,0.7190915,0.72295617,0.7262637,0.729032,0.731277,0.733018,0.734271,0.735055,0.7353852,0.7352807,0.734758,0.73383555,0.7325298,0.7308584,0.7288389,0.72648862,0.723825,0.7208654,0.717627,0.714128,0.710385,0.7064157,0.7022375,0.697868,0.693324,0.6886235,0.6837838,0.6788222,0.67375613,0.668603,0.6633803,0.6581054,0.6527956,0.6474684,0.6474684,0.597797,0.5481921,0.4987185,0.4494423,0.400429,0.35174549,0.3034565,0.255628,0.208326,0.161617,0.115566,0.0702384,0.025701,-0.017981,-0.060742,-0.1025152,-0.143236,-0.182837,-0.221254,-0.25842,-0.294271,-0.328739,-0.3617589,-0.393265,-0.423192,-0.451474,-0.478044,-0.5028377,-0.52578831,-0.54683,-0.565898,-0.5829254,-0.597847,-0.610596,-0.621108,-0.6293165,-0.635156,-0.638559,-0.639462,-0.637799,-0.633502,-0.626508,-0.616826,-0.60468,-0.590321,-0.5740144,-0.556015,-0.53658,-0.51597,-0.49444,-0.47225,-0.44966,-0.42692,-0.404293,-0.382037,-0.36041,-0.3396685,-0.320071,-0.301876,-0.28534,-0.270722,-0.25828,-0.24827,-0.24095,-0.23658,-0.235421,-0.237723,-0.24375,-0.25375,-0.268,-0.28674,-0.31023,-0.33849,-0.370986,-0.40711,-0.446271,-0.487854,-0.531258,-0.575881,-0.621119,-0.666368,-0.711025,-0.754486,-0.796148,-0.835407,-0.87166,-0.904303,-0.932764,-0.95698,-0.97729,-0.99406,-1.00763,-1.01837,-1.02662,-1.03274,-1.03709,-1.04002,-1.04189,-1.04304,-1.043843
1,Cd34,42.691,1.1996e-08,0.00033799,1.275258,1.261353,1.2477119,1.23460024,1.2222822,1.2110222,1.2010849,1.192735,1.1862363,1.1818541,1.1798526,1.1804964,1.1840501,1.1907696,1.2006109,1.2131559,1.2279631,1.244591,1.262598,1.281542,1.300982,1.320476,1.339583,1.3578613,1.3748691,1.3901649,1.40330713,1.4138542,1.4213646,1.42544901,1.426104,1.4234993,1.4178055,1.4091928,1.397832,1.3838933,1.3675474,1.3489646,1.3283156,1.3057706,1.2815003,1.2556752,1.228466,1.200042,1.170575,1.140235,1.109193,1.077618,1.045683,1.013556,0.98140808,0.9494105,0.917733,0.886547,0.856022,0.826329,0.7976382,0.77012024,0.74394557,0.7192615,0.69608,0.674365,0.65408,0.635187,0.617651,0.6014346,0.58650099,0.5728137,0.56033603,0.5490314,0.538863,0.529794,0.521789,0.51481,0.50882,0.5037836,0.4996635,0.496423,0.49402599,0.4924352,0.4916142,0.4915263,0.49213488,0.4934033,0.4952948,0.497773,0.5008007,0.5043418,0.5083594,0.5128169,0.517678,0.522905,0.528462,0.5343124,0.5404194,0.54674629,0.5532565,0.5599133,0.5666801,0.5735203,0.580397,0.580397,0.553057,0.5257372,0.4984583,0.4712405,0.444104,0.41707014,0.3901583,0.363389,0.336783,0.310361,0.284142,0.258148,0.232399,0.206914,0.181715,0.1568223,0.132256,0.108036,0.084183,0.060717,0.037659,0.01503,-0.0071509,-0.028863,-0.050085,-0.070798,-0.09098,-0.1106116,-0.12967238,-0.148142,-0.165999,-0.1832247,-0.199798,-0.215697,-0.230904,-0.2453969,-0.259156,-0.27216,-0.284389,-0.295823,-0.306441,-0.316223,-0.325162,-0.33328,-0.340626,-0.3472199,-0.3531,-0.3583,-0.36286,-0.3668,-0.37017,-0.37299,-0.37531,-0.377148,-0.378547,-0.379539,-0.3801582,-0.380439,-0.380415,-0.38012,-0.379589,-0.37886,-0.37795,-0.37692,-0.37578,-0.374576,-0.373341,-0.37211,-0.37091,-0.36978,-0.36876,-0.36787,-0.36715,-0.366572,-0.36613,-0.365822,-0.365622,-0.365523,-0.365512,-0.365576,-0.365703,-0.365881,-0.366096,-0.366337,-0.366591,-0.366846,-0.367088,-0.367307,-0.367497,-0.36766,-0.3678,-0.36792,-0.36802,-0.36811,-0.36818,-0.36824,-0.36829,-0.36833,-0.36836,-0.368399
2,H2afy,70.508,1.7731e-14,4.9979e-10,2.007972,1.977064,1.9465897,1.91698478,1.8886834,1.86212,1.8377291,1.815945,1.7972031,1.781937,1.7705815,1.763571,1.7613402,1.7643116,1.7724856,1.7853364,1.8023052,1.822833,1.846361,1.872331,1.900184,1.92936,1.959301,1.9894491,2.0192442,2.0481279,2.07554133,2.1009258,2.1237224,2.14343164,2.1599929,2.1735421,2.1842161,2.1921517,2.1974857,2.2003551,2.2008967,2.1992472,2.1955437,2.1899228,2.1825216,2.1734767,2.162925,2.151004,2.137849,2.123598,2.108388,2.092356,2.075638,2.058371,2.04069214,2.0227382,2.004646,1.986553,1.968595,1.950909,1.9336323,1.91690172,1.90085405,1.8856086,1.871182,1.857555,1.844708,1.832619,1.82127,1.8106405,1.80071021,1.7914593,1.78286778,1.7749157,1.767583,1.76085,1.754696,1.749102,1.744047,1.7395121,1.7354765,1.73192,1.72882402,1.7261672,1.72393,1.7220924,1.72063445,1.7195362,1.7187777,1.718339,1.7181997,1.7183404,1.7187408,1.719381,1.720241,1.721301,1.7225404,1.72394,1.7254793,1.72713862,1.7288978,1.7307369,1.732636,1.734575,1.736534,1.736534,1.663679,1.5909086,1.5183078,1.4459613,1.373954,1.30237038,1.2312955,1.160814,1.091011,1.021971,0.953778,0.8865179,0.820275,0.755134,0.691181,0.6284984,0.567173,0.507288,0.448929,0.392181,0.337128,0.283856,0.2324487,0.182991,0.135568,0.090265,0.047165,0.0063547,-0.03208216,-0.068061,-0.101496,-0.1323031,-0.160398,-0.185694,-0.208109,-0.2275565,-0.243952,-0.257211,-0.267249,-0.27398,-0.277321,-0.277186,-0.273573,-0.26671,-0.256865,-0.2443032,-0.229292,-0.2121,-0.19299,-0.17223,-0.15009,-0.12683,-0.10273,-0.078045,-0.053044,-0.027996,-0.0031667,0.021177,0.044768,0.067339,0.088625,0.10836,0.12627,0.14209,0.15557,0.166418,0.174382,0.17919,0.18058,0.17828,0.17203,0.16156,0.14678,0.128033,0.1057,0.080164,0.051815,0.021037,-0.011784,-0.046262,-0.082012,-0.118648,-0.155783,-0.193033,-0.230012,-0.266332,-0.30161,-0.335476,-0.367833,-0.3988,-0.4285,-0.45707,-0.48463,-0.5113,-0.53722,-0.5625,-0.58728,-0.61168,-0.63583,-0.65985
3,Ptms,37.026,1.7791e-07,0.0050116,0.02731,0.018443,0.0096021,0.00080995,-0.0079081,-0.0165275,-0.0250236,-0.033372,-0.0415469,-0.0495248,-0.0572807,-0.0647898,-0.0720276,-0.0789694,-0.0855952,-0.0918905,-0.0978411,-0.103433,-0.108652,-0.113484,-0.117914,-0.121929,-0.125515,-0.1286569,-0.131341,-0.1335531,-0.13527912,-0.1365049,-0.1372162,-0.13740312,-0.1370869,-0.1363028,-0.1350859,-0.1334715,-0.1314949,-0.1291913,-0.1265958,-0.1237439,-0.1206706,-0.1174112,-0.114001,-0.1104753,-0.106869,-0.103218,-0.099557,-0.095921,-0.092346,-0.088866,-0.085518,-0.082336,-0.07935536,-0.0766116,-0.07414,-0.071975,-0.070153,-0.068709,-0.0676778,-0.06709467,-0.06699496,-0.0674086,-0.068334,-0.06976,-0.071672,-0.074059,-0.076909,-0.0802076,-0.08394368,-0.0881045,-0.0926775,-0.0976502,-0.10301,-0.108745,-0.114842,-0.121288,-0.128072,-0.1351807,-0.1426016,-0.150322,-0.15833022,-0.166613,-0.175158,-0.1839529,-0.19298505,-0.2022421,-0.2117114,-0.221381,-0.2312372,-0.2412686,-0.2514624,-0.2618061,-0.272287,-0.282893,-0.2936117,-0.30443,-0.3153358,-0.32631654,-0.3373597,-0.3484529,-0.3595835,-0.3707391,-0.3819072,-0.3819072,-0.270486,-0.1591812,-0.0481084,0.062616,0.172876,0.28255571,0.3915387,0.499709,0.606951,0.713147,0.818183,0.9219419,1.024307,1.125164,1.224395,1.3218842,1.417516,1.511175,1.602743,1.692106,1.779147,1.86375,1.9457986,2.025177,2.101769,2.175459,2.246131,2.3136674,2.37795352,2.438873,2.496309,2.5501467,2.600269,2.64656,2.688904,2.7271849,2.761286,2.791092,2.816486,2.837352,2.853574,2.865037,2.871721,2.87388,2.8718,2.8657866,2.856134,2.84314,2.82709,2.8083,2.78705,2.76364,2.73837,2.711528,2.683419,2.654337,2.6245758,2.594433,2.564205,2.534188,2.504678,2.47597,2.44836,2.42215,2.39763,2.375097,2.354849,2.33718,2.32239,2.31077,2.30262,2.29823,2.29761,2.300111,2.30499,2.311514,2.318946,2.326549,2.333586,2.33932,2.343015,2.343935,2.341341,2.334498,2.322669,2.305117,2.281105,2.249941,2.211638,2.16678,2.11595,2.05977,1.99881,1.93367,1.86497,1.79327,1.7192,1.64334,1.56628,1.488627
4,Msn,40.752,3.0254e-08,0.00085235,-0.104069,-0.110737,-0.1173567,-0.12388257,-0.1302671,-0.1364632,-0.1424237,-0.148102,-0.1534496,-0.1584207,-0.1629678,-0.1670438,-0.1706015,-0.173595,-0.1760204,-0.1779259,-0.1793631,-0.180384,-0.181039,-0.181381,-0.181461,-0.181331,-0.181042,-0.1806459,-0.1801943,-0.1797386,-0.1793306,-0.1790218,-0.1788638,-0.17890191,-0.1791358,-0.1795443,-0.1801063,-0.1808007,-0.1816063,-0.182502,-0.1834667,-0.1844792,-0.1855184,-0.1865631,-0.1875923,-0.1885847,-0.189519,-0.190375,-0.19113,-0.191764,-0.192256,-0.192584,-0.192727,-0.192665,-0.19237569,-0.1918382,-0.191031,-0.189934,-0.188526,-0.186784,-0.1846892,-0.18221913,-0.17935298,-0.1760731,-0.172382,-0.16829,-0.163807,-0.158943,-0.153708,-0.1481123,-0.14216546,-0.1358777,-0.12925917,-0.1223198,-0.11507,-0.107519,-0.099677,-0.091554,-0.083161,-0.0745072,-0.0656027,-0.056458,-0.04708174,-0.0374854,-0.0276785,-0.0176711,-0.00747321,0.0029052,0.013454,0.024163,0.0350229,0.0460228,0.0571532,0.0684038,0.079765,0.091226,0.1027774,0.114409,0.1261109,0.13787284,0.149685,0.1615372,0.1734195,0.1853218,0.1972342,0.1972342,0.139367,0.0817339,0.0245675,-0.0318983,-0.08743,-0.14179451,-0.1947578,-0.246087,-0.295547,-0.342907,-0.387931,-0.4303866,-0.47004,-0.506658,-0.540007,-0.569854,-0.595964,-0.618105,-0.636043,-0.649545,-0.658376,-0.662304,-0.6610944,-0.654514,-0.64233,-0.624309,-0.600216,-0.5698191,-0.53288388,-0.489177,-0.438465,-0.3805146,-0.315092,-0.241964,-0.160896,-0.0716565,0.025989,0.132275,0.247434,0.371699,0.505305,0.648483,0.801081,0.96188,1.129464,1.3024377,1.479391,1.65892,1.83962,2.02008,2.1989,2.37467,2.54598,2.711442,2.869635,3.019158,3.1586036,3.286568,3.401644,3.502427,3.587511,3.65549,3.70496,3.73451,3.74275,3.72825,3.689622,3.62546,3.53434,3.41488,3.26567,3.0853,2.87442,2.638199,2.38244,2.112922,1.835446,1.555801,1.279779,1.01317,0.761767,0.531362,0.327745,0.15671,0.024047,-0.064452,-0.102995,-0.086137,-0.013948,0.10908,0.27831,0.48914,0.73694,1.01709,1.32497,1.65595,2.00542,2.36875,2.74133,3.118524
5,Anxa6,86.54,7.1478e-18,2.015e-13,-0.154498,-0.153387,-0.1522592,-0.15109532,-0.1498779,-0.1485891,-0.1472112,-0.145726,-0.1441162,-0.1423636,-0.1404504,-0.1383588,-0.136071,-0.1335696,-0.1308576,-0.127963,-0.1249153,-0.121744,-0.118479,-0.11515,-0.111785,-0.108416,-0.105071,-0.1017801,-0.0985726,-0.0954782,-0.09252647,-0.089747,-0.0871694,-0.08481919,-0.0826924,-0.0807719,-0.0790402,-0.0774803,-0.0760748,-0.0748064,-0.0736578,-0.0726118,-0.0716511,-0.0707584,-0.0699165,-0.069108,-0.068316,-0.067522,-0.066711,-0.065863,-0.064963,-0.063993,-0.062935,-0.061772,-0.06048768,-0.0590638,-0.057483,-0.055729,-0.053784,-0.05163,-0.0492505,-0.0466281,-0.04374553,-0.0405882,-0.037157,-0.033459,-0.0295,-0.025288,-0.020828,-0.0161281,-0.01119445,-0.0060337,-0.00065268,0.0049421,0.010744,0.016746,0.022942,0.029324,0.035887,0.0426241,0.0495277,0.056592,0.06380902,0.0711734,0.078678,0.0863161,0.09408115,0.1019664,0.1099651,0.118071,0.1262765,0.1345757,0.1429618,0.151428,0.159968,0.168574,0.1772406,0.1859605,0.1947272,0.203534,0.2123741,0.221241,0.2301279,0.2390282,0.2479351,0.2479351,0.230943,0.2141352,0.1976983,0.1818172,0.166677,0.15246325,0.1393608,0.127555,0.117231,0.108575,0.101771,0.0970047,0.094461,0.094326,0.096785,0.1020215,0.110222,0.121573,0.136257,0.154461,0.176371,0.20217,0.2320449,0.26618,0.304762,0.347974,0.396003,0.4490339,0.50725142,0.570841,0.639988,0.7148779,0.795696,0.882626,0.975855,1.0755682,1.18195,1.295186,1.415461,1.54296,1.67787,1.820374,1.970371,2.12696,2.289117,2.4557994,2.625977,2.79862,2.97268,3.14715,3.32097,3.49313,3.66257,3.828285,3.989224,4.144357,4.2926524,4.433076,4.564594,4.686175,4.796783,4.89539,4.98095,5.05244,5.10883,5.149081,5.172158,5.17703,5.16266,5.12802,5.07208,4.9938,4.89322,4.772737,4.63506,4.482904,4.31899,4.14603,3.966742,3.783839,3.600038,3.418054,3.240603,3.0704,2.91016,2.7626,2.630434,2.516238,2.420337,2.34125,2.27746,2.22742,2.18962,2.16251,2.14458,2.1343,2.13012,2.13054,2.13401,2.139016
6,Tmsb10,63.439,5.4861e-13,1.5463e-08,-0.089767,-0.073616,-0.0575197,-0.04153083,-0.0257036,-0.010092,0.0052503,0.020269,0.0349109,0.0491214,0.0628471,0.0760338,0.0886278,0.100575,0.1118192,0.1223009,0.1319606,0.140739,0.148575,0.155412,0.161187,0.165843,0.16932,0.171557,0.1724957,0.1720762,0.17023902,0.1669245,0.162073,0.15564075,0.1476999,0.1383747,0.1277895,0.1160688,0.1033371,0.0897187,0.0753381,0.0603198,0.0447881,0.0288677,0.0126827,-0.0036421,-0.019983,-0.036214,-0.052212,-0.067853,-0.083011,-0.097562,-0.111383,-0.124348,-0.13633248,-0.1472129,-0.156864,-0.165163,-0.171983,-0.177201,-0.1806931,-0.18233365,-0.18199868,-0.1795833,-0.175097,-0.16859,-0.160112,-0.149715,-0.137449,-0.1233639,-0.10751083,-0.0899402,-0.07070249,-0.0498482,-0.027428,-0.003492,0.021909,0.048724,0.076904,0.1063964,0.1371522,0.16912,0.20225047,0.236492,0.2717943,0.308107,0.34537958,0.3835615,0.4226021,0.462451,0.5030578,0.5443718,0.5863425,0.6289194,0.672052,0.71569,0.7597823,0.8042789,0.8491291,0.8942824,0.9396883,0.9852963,1.0310558,1.0769164,1.1228275,1.1228275,1.041027,0.9594545,0.8783362,0.7978995,0.718372,0.63998018,0.562952,0.487515,0.413895,0.34232,0.273018,0.2062157,0.14214,0.081018,0.023078,-0.0314541,-0.08235,-0.129383,-0.172326,-0.210952,-0.245032,-0.274341,-0.2986507,-0.317734,-0.331363,-0.339312,-0.341353,-0.3372579,-0.32680048,-0.309753,-0.285889,-0.2549805,-0.2168,-0.171122,-0.117717,-0.0563588,0.01318,0.091126,0.177707,0.27315,0.377683,0.491532,0.614672,0.74638,0.885805,1.0321103,1.184449,1.34198,1.50385,1.66922,1.83725,2.00709,2.17789,2.348823,2.519031,2.687674,2.8539065,3.016885,3.175764,3.329701,3.47785,3.61937,3.75341,3.87913,3.99569,4.102236,4.197931,4.28193,4.35338,4.41145,4.45529,4.48406,4.49721,4.494902,4.47736,4.444834,4.39755,4.335751,4.259672,4.169552,4.065627,3.948135,3.817314,3.6734,3.516631,3.347244,3.165477,2.971591,2.766227,2.55034,2.32487,2.0908,1.84906,1.60063,1.34645,1.08749,0.8247,0.55904,0.29146,0.022931
7,Actb,93.82,2.031e-19,5.7259e-15,-0.049802,-0.042698,-0.0357902,-0.02927691,-0.0233546,-0.0182204,-0.0140712,-0.011104,-0.0095161,-0.0095042,-0.0112654,-0.0149968,-0.0208953,-0.0291522,-0.039757,-0.0524475,-0.0669457,-0.082974,-0.100253,-0.118507,-0.137456,-0.156823,-0.176329,-0.1956976,-0.2146498,-0.2329079,-0.25019374,-0.2662295,-0.2807371,-0.29346907,-0.3044038,-0.3136205,-0.3211993,-0.3272199,-0.3317623,-0.3349063,-0.3367318,-0.3373188,-0.3367471,-0.3350965,-0.332447,-0.3288785,-0.324471,-0.319304,-0.313458,-0.307012,-0.300047,-0.292642,-0.284877,-0.276832,-0.26858707,-0.2602221,-0.251817,-0.243451,-0.235205,-0.227158,-0.2193909,-0.21198259,-0.20501337,-0.1985528,-0.19261,-0.187172,-0.182227,-0.177762,-0.173764,-0.1702214,-0.1671204,-0.1644488,-0.16219401,-0.1603434,-0.158884,-0.157804,-0.15709,-0.15673,-0.156711,-0.1570198,-0.1576447,-0.158573,-0.15979116,-0.1612875,-0.1630491,-0.1650633,-0.16731749,-0.169799,-0.1724952,-0.175394,-0.1784813,-0.1817459,-0.1851747,-0.188755,-0.192474,-0.19632,-0.2002791,-0.2043394,-0.2084881,-0.21271257,-0.2170002,-0.2213384,-0.2257144,-0.2301157,-0.2345296,-0.2345296,-0.173423,-0.1123223,-0.0512334,0.0098378,0.070885,0.13190371,0.1928866,0.253828,0.314723,0.375564,0.436347,0.4970643,0.557711,0.618282,0.67877,0.739169,0.799474,0.859679,0.919778,0.979765,1.039634,1.09938,1.1589956,1.218476,1.277815,1.337006,1.396045,1.4549238,1.51363804,1.572181,1.630548,1.6887319,1.746727,1.804528,1.862129,1.919523,1.976705,2.033669,2.09041,2.14692,2.203195,2.259228,2.314993,2.37041,2.425373,2.4798019,2.533598,2.58667,2.63892,2.69026,2.74059,2.78982,2.83786,2.884605,2.929975,2.97387,3.0161976,3.056864,3.095776,3.132839,3.16796,3.20105,3.232,3.26074,3.28716,3.311168,3.332674,3.35158,3.36781,3.38124,3.3918,3.39939,3.40377,3.404379,3.40062,3.391875,3.377555,3.357051,3.329761,3.295079,3.252404,3.20113,3.140656,3.070377,2.98969,2.897992,2.794678,2.679198,2.551847,2.4136,2.26544,2.10836,1.94335,1.77141,1.59353,1.41069,1.22388,1.0341,0.84234,0.649594
8,Coro1a,39.077,6.7172e-08,0.0018924,0.449875,0.40687,0.3641434,0.32197363,0.2806388,0.2404174,0.2015878,0.164428,0.1292169,0.0962325,0.0657531,0.0380572,0.013423,-0.0078771,-0.0257881,-0.0405257,-0.0523223,-0.061411,-0.068023,-0.072392,-0.07475,-0.075331,-0.074365,-0.0720867,-0.0687277,-0.0645207,-0.05969829,-0.054493,-0.0491374,-0.04384442,-0.038682,-0.0336532,-0.0287605,-0.0240068,-0.0193947,-0.0149268,-0.0106058,-0.0064344,-0.0024153,0.0014488,0.0051553,0.0087015,0.012085,0.015302,0.018352,0.02123,0.023935,0.026463,0.028812,0.03098,0.03296275,0.0347589,0.036365,0.037779,0.038998,0.040019,0.0408403,0.04145796,0.04186989,0.0420742,0.042074,0.041875,0.041481,0.040897,0.04013,0.0391823,0.03806049,0.0367692,0.03531333,0.033698,0.031928,0.030009,0.027944,0.025741,0.023402,0.0209346,0.018342,0.01563,0.01280296,0.0098664,0.0068252,0.0036842,0.00044852,-0.0028769,-0.0062871,-0.009777,-0.0133418,-0.0169763,-0.0206757,-0.0244348,-0.028249,-0.032113,-0.0360214,-0.0399701,-0.0439536,-0.04796702,-0.0520054,-0.0560637,-0.0601369,-0.0642202,-0.0683084,-0.0683084,-0.057308,-0.0462659,-0.035142,-0.0238948,-0.012483,-0.00086627,0.0109972,0.023148,0.035628,0.048477,0.061738,0.07545,0.089655,0.104395,0.119709,0.1356398,0.152228,0.169514,0.187541,0.206347,0.225975,0.246467,0.2678615,0.290201,0.313527,0.33788,0.363301,0.3898317,0.41751248,0.446385,0.476489,0.5078677,0.540561,0.574609,0.610055,0.6469386,0.685301,0.725184,0.766628,0.809674,0.854363,0.900737,0.94879,0.99839,1.04937,1.101584,1.154871,1.20907,1.26404,1.3196,1.37562,1.43192,1.48835,1.544755,1.600981,1.656868,1.7122594,1.766998,1.820928,1.873891,1.925731,1.97629,2.02541,2.07294,2.11872,2.162592,2.204399,2.24398,2.28119,2.31586,2.34784,2.37697,2.40303,2.425663,2.44448,2.459116,2.469179,2.474293,2.474079,2.468157,2.456147,2.437671,2.412347,2.379798,2.339642,2.2915,2.234993,2.169777,2.096085,2.01461,1.92606,1.83114,1.73057,1.62504,1.51527,1.40196,1.28582,1.16755,1.04788,0.927491
9,Anxa2,61.493,1.4081e-12,3.9687e-08,-0.23479,-0.221982,-0.2092759,-0.1967718,-0.184571,-0.1727746,-0.1614839,-0.1508,-0.1408234,-0.131656,-0.1233986,-0.1161523,-0.1100182,-0.1050953,-0.1014029,-0.0988612,-0.0973844,-0.096887,-0.097282,-0.098484,-0.100408,-0.102967,-0.106076,-0.1096478,-0.1135975,-0.117839,-0.12228626,-0.1268534,-0.1314547,-0.13601064,-0.1404916,-0.1448898,-0.1491977,-0.1534077,-0.1575122,-0.1615036,-0.1653744,-0.1691169,-0.1727235,-0.1761868,-0.179499,-0.1826526,-0.18564,-0.188454,-0.191086,-0.193529,-0.195776,-0.197819,-0.199649,-0.201261,-0.2026457,-0.2037959,-0.204704,-0.205363,-0.205764,-0.2059,-0.2057642,-0.20534818,-0.20464457,-0.2036474,-0.20236,-0.20079,-0.198945,-0.19683,-0.194454,-0.1918234,-0.18894517,-0.1858265,-0.18247454,-0.1788962,-0.175099,-0.171089,-0.166874,-0.162462,-0.157858,-0.1530704,-0.1481061,-0.142972,-0.13767535,-0.1322231,-0.1266223,-0.1208801,-0.11500355,-0.1089997,-0.1028756,-0.096638,-0.0902951,-0.0838528,-0.0773186,-0.0706995,-0.064003,-0.057235,-0.0504038,-0.043516,-0.0365787,-0.02959899,-0.0225839,-0.0155405,-0.0084759,-0.0013972,0.0056886,0.0056886,-0.012474,-0.0305297,-0.0483727,-0.0658963,-0.082994,-0.0995591,-0.1154854,-0.130666,-0.144996,-0.158366,-0.170672,-0.1818072,-0.191664,-0.200137,-0.207119,-0.2125039,-0.216185,-0.218056,-0.21801,-0.215942,-0.211743,-0.205309,-0.1965321,-0.185306,-0.171525,-0.155081,-0.135869,-0.1137823,-0.08871397,-0.060558,-0.029207,0.0054444,0.043503,0.085076,0.130269,0.1791888,0.231942,0.288635,0.349374,0.414265,0.483416,0.556933,0.634813,0.71676,0.802418,0.8914401,0.983475,1.07817,1.17518,1.27415,1.37473,1.47657,1.57932,1.682625,1.78614,1.889511,1.9923887,2.094422,2.195261,2.294555,2.391952,2.4871,2.57966,2.66926,2.75557,2.838225,2.916882,2.99119,3.0608,3.12535,3.1845,3.2379,3.28526,3.32642,3.36125,3.389623,3.411394,3.426433,3.434605,3.435776,3.429811,3.416576,3.395937,3.367758,3.331906,3.288247,3.236645,3.176992,3.109594,3.03509,2.95412,2.86733,2.77538,2.6789,2.57854,2.47495,2.36878,2.26067,2.15126,2.041214
10,Actg1,48.062,9.1591e-10,2.581e-05,-0.272886,-0.257682,-0.2425361,-0.22750336,-0.2126409,-0.1980055,-0.1836539,-0.169643,-0.1560294,-0.1428699,-0.1302214,-0.1181406,-0.1066842,-0.0959077,-0.0858213,-0.0763785,-0.0675293,-0.059224,-0.051412,-0.044043,-0.037069,-0.030437,-0.0241,-0.0180061,-0.0121059,-0.0063494,-0.00068657,0.0049326,0.0105581,0.01623418,0.0219621,0.0277239,0.0335018,0.0392777,0.0450337,0.0507518,0.056414,0.0620024,0.0674989,0.0728858,0.0781448,0.0832582,0.088208,0.092976,0.097544,0.101895,0.106011,0.109872,0.113463,0.116764,0.11975708,0.1224252,0.12475,0.126713,0.128297,0.129484,0.1302559,0.13059438,0.13048167,0.1299031,0.128863,0.127373,0.125443,0.123086,0.120313,0.117134,0.11356125,0.1096058,0.10527886,0.1005917,0.095556,0.090182,0.084482,0.078466,0.072147,0.0655351,0.0586417,0.051478,0.04405576,0.0363857,0.0284793,0.0203477,0.01200226,0.0034542,-0.0052852,-0.014205,-0.0232931,-0.032539,-0.0419313,-0.0514586,-0.06111,-0.070874,-0.0807386,-0.0906937,-0.1007276,-0.11082901,-0.1209867,-0.1311895,-0.141426,-0.151685,-0.1619552,-0.1619552,-0.117686,-0.0734285,-0.0291942,0.0150052,0.059158,0.1032527,0.1472775,0.191221,0.235071,0.278817,0.322446,0.3659468,0.409308,0.452518,0.495566,0.5384382,0.581125,0.623613,0.665892,0.70795,0.749776,0.791356,0.8326811,0.873738,0.914516,0.955003,0.995187,1.035057,1.07460116,1.113808,1.152665,1.191162,1.229286,1.267027,1.304371,1.3413082,1.377826,1.413914,1.449559,1.484751,1.519477,1.553726,1.587494,1.6208,1.65367,1.6861239,1.718186,1.74988,1.78123,1.81226,1.84298,1.87344,1.90364,1.933606,1.963371,1.992952,2.0223743,2.05166,2.080832,2.109915,2.13893,2.1679,2.19685,2.22581,2.25479,2.283818,2.31292,2.34212,2.37143,2.40089,2.43052,2.46033,2.49013,2.519253,2.54695,2.572473,2.595088,2.614049,2.628616,2.638044,2.641592,2.638517,2.628077,2.60953,2.582133,2.545145,2.497822,2.439476,2.370294,2.29116,2.20298,2.10665,2.00309,1.8932,1.77787,1.65802,1.53456,1.40838,1.28039,1.15149
11,Cd52,52.557,1.0548e-10,2.9727e-06,-0.184519,-0.186633,-0.1886917,-0.19063948,-0.1924207,-0.1939797,-0.1952612,-0.196209,-0.1967689,-0.1968843,-0.1964998,-0.1955601,-0.1940095,-0.1917944,-0.1889269,-0.1855011,-0.181616,-0.177371,-0.172865,-0.168197,-0.163467,-0.158773,-0.154216,-0.1498929,-0.1459044,-0.1423491,-0.1393264,-0.1369354,-0.1352752,-0.13443254,-0.1344022,-0.1351375,-0.1365918,-0.1387183,-0.1414702,-0.1448008,-0.1486634,-0.1530111,-0.1577973,-0.1629752,-0.1684979,-0.1743189,-0.180391,-0.186668,-0.193103,-0.199649,-0.20626,-0.212888,-0.219487,-0.22601,-0.23241113,-0.2386424,-0.244658,-0.25041,-0.255853,-0.260939,-0.2656223,-0.26985566,-0.27359241,-0.2767925,-0.279455,-0.281593,-0.283219,-0.284347,-0.28499,-0.2851601,-0.28487163,-0.2841372,-0.28297005,-0.2813832,-0.27939,-0.277003,-0.274236,-0.271101,-0.267613,-0.2637832,-0.2596258,-0.255154,-0.25037988,-0.2453176,-0.2399798,-0.2343798,-0.22853056,-0.2224453,-0.216137,-0.209619,-0.2029041,-0.1960057,-0.1889368,-0.1817105,-0.17434,-0.166838,-0.1592185,-0.1514939,-0.1436774,-0.13578225,-0.1278215,-0.1198083,-0.1117558,-0.103677,-0.0955852,-0.0955852,-0.080882,-0.0661538,-0.0513732,-0.0365146,-0.021552,-0.00645966,0.0087887,0.024219,0.039857,0.055729,0.071861,0.0882782,0.105008,0.122075,0.139506,0.1573262,0.175563,0.194241,0.213386,0.233026,0.253185,0.27389,0.295166,0.31704,0.339538,0.362685,0.386507,0.4110317,0.43628343,0.462289,0.489073,0.5166637,0.545085,0.574364,0.604527,0.635599,0.667606,0.700575,0.734531,0.7695,0.805509,0.842583,0.880726,0.91988,0.959971,1.0009344,1.042699,1.0852,1.12835,1.1721,1.21638,1.2611,1.30621,1.351638,1.397307,1.443152,1.489101,1.535086,1.581038,1.626887,1.672562,1.718,1.76312,1.80786,1.85214,1.895913,1.939091,1.98161,2.0234,2.06439,2.10451,2.14369,2.18175,2.218223,2.25263,2.28449,2.313306,2.338593,2.359863,2.37663,2.388405,2.394702,2.395032,2.388908,2.375844,2.35535,2.326939,2.290164,2.245196,2.1927,2.13337,2.06789,1.99693,1.92119,1.84134,1.75807,1.67207,1.58401,1.49459,1.404481
12,Vim,52.738,9.6671e-11,2.7245e-06,-0.099112,-0.093963,-0.0887143,-0.08326485,-0.0775143,-0.0713624,-0.0647088,-0.057453,-0.0494949,-0.0407339,-0.0310699,-0.0204023,-0.0086309,0.0043412,0.0184858,0.0336192,0.049548,0.066079,0.083018,0.100171,0.117346,0.134349,0.150986,0.1670641,0.1823892,0.1967681,0.21000728,0.2219132,0.2322923,0.24097418,0.247958,0.253319,0.257133,0.2594756,0.2604225,0.2600494,0.2584319,0.2556458,0.2517666,0.2468702,0.2410321,0.234328,0.226834,0.218625,0.209777,0.200366,0.190467,0.180156,0.169509,0.158602,0.14750963,0.1363082,0.125073,0.11388,0.102805,0.091924,0.0813117,0.07104426,0.06119742,0.051837,0.042972,0.034589,0.026678,0.019225,0.012219,0.0056483,-0.00050021,-0.0062381,-0.01157759,-0.0165306,-0.021109,-0.025326,-0.029192,-0.03272,-0.035922,-0.0388107,-0.041397,-0.043694,-0.04571236,-0.0474655,-0.0489651,-0.0502232,-0.05125182,-0.0520631,-0.0526691,-0.053082,-0.0533136,-0.0533763,-0.053282,-0.0530427,-0.052671,-0.052178,-0.0515764,-0.0508783,-0.0500957,-0.04924059,-0.0483252,-0.0473614,-0.0463614,-0.0453373,-0.0443011,-0.0443011,-0.023682,-0.0030356,0.0176667,0.0384524,0.059349,0.08038529,0.101588,0.122985,0.144605,0.166475,0.188623,0.2110771,0.233865,0.257014,0.280552,0.3045069,0.328907,0.35378,0.379153,0.405054,0.431512,0.458553,0.486206,0.514498,0.543458,0.573113,0.603491,0.6346188,0.6665256,0.699239,0.732786,0.7671948,0.802494,0.83871,0.875871,0.9140058,0.953141,0.993305,1.034526,1.076831,1.120248,1.164805,1.210537,1.2575,1.305752,1.3553527,1.406361,1.45884,1.51283,1.56842,1.62565,1.68458,1.74527,1.807776,1.872166,1.938493,2.0068175,2.077198,2.149693,2.224362,2.301264,2.38046,2.462,2.54596,2.63238,2.721327,2.812863,2.90704,3.00393,3.10358,3.20605,3.3114,3.41906,3.527073,3.63329,3.735552,3.831723,3.91965,3.997186,4.062182,4.112489,4.145959,4.160443,4.153793,4.123861,4.068498,3.985555,3.873037,3.731375,3.56295,3.37018,3.15552,2.92139,2.67023,2.40447,2.12655,1.83889,1.54393,1.2441,0.941839
13,Laptm5,35.595,3.5047e-07,0.009872,-0.412219,-0.32822,-0.2448622,-0.1627893,-0.0826431,-0.0050659,0.0693001,0.139813,0.2058296,0.2667087,0.3218075,0.370484,0.4120959,0.4460164,0.472172,0.4911777,0.5036922,0.510374,0.511881,0.508873,0.502007,0.491942,0.479337,0.4648501,0.4491398,0.4328645,0.41668287,0.4012533,0.3872342,0.37521981,0.3653281,0.357464,0.3515312,0.3474336,0.3450748,0.3443588,0.3451893,0.3474701,0.3511051,0.3559979,0.3620524,0.3691724,0.377262,0.386224,0.395963,0.406383,0.417388,0.42888,0.440765,0.452945,0.46532563,0.4778092,0.4903,0.502702,0.514919,0.526854,0.5384116,0.54949552,0.56000942,0.5698697,0.579066,0.587614,0.595531,0.602833,0.609535,0.6156542,0.62120659,0.6262083,0.63067559,0.6346246,0.638072,0.641033,0.643524,0.645562,0.647163,0.6483425,0.6491173,0.649503,0.64951693,0.6491742,0.6484914,0.6474847,0.64617024,0.6445643,0.642683,0.640543,0.6381593,0.6355493,0.6327287,0.6297137,0.626521,0.623166,0.6196648,0.6160345,0.6122907,0.60844985,0.604528,0.6005413,0.5965061,0.5924385,0.5883546,0.5883546,0.605651,0.6229432,0.6402277,0.6575006,0.674758,0.69199572,0.7092102,0.726398,0.743554,0.760675,0.777757,0.7947966,0.811789,0.828732,0.845619,0.8624488,0.879216,0.895917,0.912548,0.929105,0.945585,0.961982,0.9782942,0.994517,1.010646,1.026678,1.042609,1.0584347,1.07415165,1.089756,1.105243,1.12061,1.135852,1.150966,1.165948,1.1807936,1.195499,1.210061,1.224475,1.238737,1.252843,1.26679,1.280632,1.29458,1.308876,1.3237585,1.339469,1.35625,1.37433,1.39396,1.41538,1.43883,1.46455,1.492771,1.523742,1.557702,1.5948894,1.635545,1.679909,1.728221,1.780722,1.83765,1.89925,1.96576,2.03741,2.114454,2.197127,2.28567,2.38032,2.48132,2.58891,2.70332,2.82393,2.948171,3.07322,3.19624,3.314418,3.424924,3.524933,3.61162,3.682158,3.733722,3.763486,3.768625,3.746313,3.693725,3.608035,3.486609,3.329872,3.1407,2.92205,2.67687,2.40809,2.11868,1.81158,1.48974,1.1561,0.81362,0.46524,0.113911
14,Crip1,160.298,1.2617e-33,3.5576e-29,-0.067827,-0.065862,-0.0639371,-0.06209308,-0.06037,-0.0588081,-0.0574478,-0.056329,-0.0554933,-0.0549796,-0.0548288,-0.0550811,-0.0557769,-0.0569553,-0.058615,-0.0607042,-0.0631679,-0.065951,-0.068999,-0.072256,-0.075667,-0.079178,-0.082734,-0.0862791,-0.0897588,-0.0931179,-0.09630159,-0.0992548,-0.1019225,-0.10425644,-0.1062574,-0.1079481,-0.1093516,-0.1104908,-0.1113887,-0.1120681,-0.112552,-0.1128634,-0.1130252,-0.1130603,-0.1129916,-0.1128422,-0.112635,-0.112393,-0.112138,-0.111895,-0.111686,-0.111533,-0.11146,-0.11149,-0.11164525,-0.1119492,-0.112425,-0.113095,-0.113982,-0.115109,-0.1165003,-0.11817731,-0.12016343,-0.1224781,-0.125121,-0.128083,-0.131358,-0.134936,-0.13881,-0.1429724,-0.14741449,-0.1521285,-0.15710641,-0.1623403,-0.167822,-0.173544,-0.179497,-0.185675,-0.192068,-0.1986699,-0.2054713,-0.212465,-0.21964195,-0.2269952,-0.2345164,-0.2421975,-0.2500306,-0.2580077,-0.2661207,-0.274362,-0.2827226,-0.2911955,-0.2997724,-0.3084452,-0.317206,-0.326047,-0.3349596,-0.3439364,-0.3529691,-0.36204987,-0.3711706,-0.3803233,-0.3895,-0.3986927,-0.4078934,-0.4078934,-0.280693,-0.1536059,-0.0267437,0.0997807,0.225855,0.35136528,0.4762003,0.600247,0.723393,0.845525,0.966531,1.0862977,1.204713,1.321665,1.43704,1.5507251,1.662609,1.772578,1.880519,1.986321,2.089871,2.191055,2.2897622,2.385879,2.479292,2.56989,2.65756,2.7421894,2.82366508,2.901875,2.976706,3.0480456,3.115781,3.179801,3.239991,3.2962395,3.348434,3.396461,3.440208,3.479563,3.514414,3.544647,3.570322,3.59197,3.61022,3.6256744,3.638955,3.65068,3.66146,3.67191,3.68266,3.69431,3.70749,3.7228,3.740871,3.762313,3.7877434,3.817778,3.853034,3.894126,3.941672,3.99629,4.05859,4.12919,4.20871,4.297766,4.396971,4.50694,4.6283,4.76165,4.90763,5.06682,5.23866,5.419905,5.60694,5.796174,5.983994,6.166798,6.340984,6.502947,6.649084,6.77579,6.879462,6.956495,7.003287,7.016233,6.991729,6.926404,6.820586,6.67757,6.50075,6.29349,6.05917,5.80119,5.52293,5.22775,4.91905,4.6002,4.2746,3.945606
15,Mpeg1,216.541,1.0403e-45,2.9336e-41,-0.110782,-0.10426,-0.0978001,-0.0914643,-0.0853149,-0.079414,-0.0738237,-0.068606,-0.0638238,-0.0595384,-0.0558123,-0.0527074,-0.050286,-0.0486088,-0.0476834,-0.0474516,-0.0478509,-0.048819,-0.050294,-0.052213,-0.054513,-0.057133,-0.060009,-0.0630803,-0.0662835,-0.0695565,-0.07283689,-0.0760623,-0.0791702,-0.08210503,-0.0848596,-0.0874488,-0.0898874,-0.0921905,-0.0943729,-0.0964495,-0.0984353,-0.1003451,-0.1021938,-0.1039965,-0.1057679,-0.107523,-0.109277,-0.111044,-0.112839,-0.114678,-0.116576,-0.118546,-0.120604,-0.122766,-0.12504501,-0.127457,-0.130017,-0.132739,-0.135639,-0.138731,-0.1420309,-0.14555284,-0.14931189,-0.1533207,-0.157578,-0.162078,-0.166814,-0.171781,-0.176972,-0.182382,-0.18800376,-0.1938317,-0.19985971,-0.2060818,-0.212492,-0.219084,-0.225852,-0.232789,-0.239891,-0.2471495,-0.2545601,-0.262116,-0.26981182,-0.2776408,-0.2855971,-0.2936748,-0.30186757,-0.3101695,-0.3185746,-0.327077,-0.3356697,-0.3443476,-0.3531044,-0.3619339,-0.37083,-0.379787,-0.3887985,-0.3978584,-0.4069608,-0.41609959,-0.4252687,-0.434462,-0.4436736,-0.4528973,-0.462127,-0.462127,-0.269718,-0.0775766,0.1140314,0.3048388,0.494579,0.68298455,0.8697891,1.054726,1.237527,1.417927,1.595658,1.7704543,1.942048,2.110172,2.27456,2.4349458,2.591061,2.74264,2.889416,3.031121,3.167489,3.298253,3.423146,3.541901,3.654252,3.759931,3.858672,3.950207,4.03427038,4.110595,4.178913,4.2389594,4.290466,4.333166,4.366793,4.3910794,4.405759,4.410565,4.40523,4.389488,4.363071,4.325714,4.277617,4.22027,4.155395,4.0847005,4.009902,3.93271,3.85485,3.77803,3.70396,3.63436,3.57094,3.515418,3.469509,3.434925,3.4133829,3.406595,3.416277,3.444143,3.491907,3.56128,3.65399,3.77173,3.91623,4.089205,4.292362,4.52742,4.79609,5.10008,5.44113,5.82091,6.23823,6.685406,7.15387,7.635061,8.120414,8.601366,9.069353,9.515812,9.93218,10.309893,10.640387,10.9151,11.125468,11.262927,11.318913,11.285396,11.16282,10.95843,10.67966,10.33396,9.92875,9.47149,8.96959,8.43051,7.86168,7.27053,6.66451,6.051055
16,Ahnak,80.515,1.3547e-16,3.8186e-12,-0.115159,-0.109014,-0.1029322,-0.0969778,-0.0912142,-0.085705,-0.0805137,-0.075704,-0.0713395,-0.0674837,-0.0642003,-0.0615529,-0.059605,-0.0584186,-0.0580009,-0.0582899,-0.0592198,-0.060724,-0.062738,-0.065194,-0.068027,-0.071171,-0.07456,-0.0781274,-0.0818075,-0.0855345,-0.08924213,-0.0928645,-0.0963356,-0.0995955,-0.1026292,-0.1054417,-0.1080384,-0.1104243,-0.1126048,-0.114585,-0.1163702,-0.1179655,-0.1193761,-0.1206074,-0.1216644,-0.1225525,-0.123277,-0.123842,-0.124255,-0.124519,-0.12464,-0.124623,-0.124474,-0.124198,-0.12379952,-0.1232841,-0.122657,-0.121924,-0.121089,-0.120158,-0.1191362,-0.11802891,-0.11684119,-0.1155779,-0.114242,-0.112834,-0.111357,-0.109812,-0.108202,-0.1065274,-0.10479045,-0.102993,-0.10113681,-0.0992236,-0.097255,-0.095233,-0.09316,-0.091037,-0.088865,-0.0866479,-0.0843857,-0.082081,-0.07973505,-0.0773501,-0.0749277,-0.0724697,-0.0699779,-0.067454,-0.0648999,-0.062317,-0.059708,-0.0570737,-0.0544163,-0.0517376,-0.049039,-0.046323,-0.0435909,-0.0408445,-0.0380856,-0.03531609,-0.0325376,-0.029752,-0.0269611,-0.0241666,-0.0213704,-0.0213704,-0.031488,-0.0415293,-0.0514182,-0.0610784,-0.070434,-0.07940779,-0.0879245,-0.095908,-0.103281,-0.109968,-0.115893,-0.1209796,-0.125151,-0.128332,-0.130445,-0.1314154,-0.131166,-0.12962,-0.126703,-0.122336,-0.116446,-0.108954,-0.0997858,-0.088864,-0.076113,-0.061456,-0.044817,-0.0261193,-0.00528768,0.017755,0.043084,0.0707762,0.100908,0.133555,0.168794,0.2067013,0.247353,0.290825,0.337193,0.386535,0.438925,0.494442,0.55317,0.61523,0.680729,0.7498016,0.822562,0.89913,0.97963,1.06418,1.1529,1.24591,1.34334,1.445289,1.551895,1.663273,1.7795438,1.900828,2.027246,2.158918,2.295965,2.43851,2.58666,2.74056,2.9003,3.066029,3.23785,3.41589,3.60027,3.7911,3.98852,4.19262,4.40284,4.616992,4.8327,5.047582,5.259256,5.465341,5.663455,5.851217,6.026245,6.186156,6.32857,6.451105,6.551379,6.627011,6.675618,6.694979,6.685413,6.64928,6.58899,6.50696,6.40561,6.28735,6.15459,6.00976,5.85527,5.69353,5.52697,5.357982
17,H2-DMb1,118.354,1.2001e-24,3.3838e-20,-0.083104,-0.087642,-0.0921127,-0.09644929,-0.1005848,-0.1044522,-0.1079844,-0.111114,-0.1137752,-0.1158998,-0.1174211,-0.118272,-0.1183857,-0.117697,-0.1162145,-0.1140381,-0.1112735,-0.108027,-0.104403,-0.100508,-0.096448,-0.092328,-0.088254,-0.0843325,-0.0806681,-0.077367,-0.07453474,-0.0722771,-0.0706999,-0.0698951,-0.0698552,-0.0705275,-0.0718595,-0.0737983,-0.0762914,-0.0792859,-0.0827292,-0.0865685,-0.0907512,-0.0952246,-0.0999359,-0.1048324,-0.109861,-0.11497,-0.120106,-0.125217,-0.130249,-0.13515,-0.139867,-0.144348,-0.14854002,-0.15239,-0.155845,-0.158854,-0.161362,-0.163317,-0.1646675,-0.16535953,-0.16534081,-0.1645665,-0.163038,-0.160775,-0.157794,-0.154114,-0.149754,-0.1447315,-0.13906573,-0.1327747,-0.12587682,-0.1183905,-0.110334,-0.101726,-0.092585,-0.082928,-0.072776,-0.0621447,-0.051054,-0.039522,-0.0275671,-0.0152076,-0.0024619,0.0106515,0.02411439,0.0379083,0.0520147,0.066415,0.081092,0.096026,0.1111991,0.1265928,0.142189,0.157969,0.1739141,0.1900067,0.2062279,0.2225595,0.238983,0.2554801,0.2720324,0.2886214,0.3052288,0.3052288,0.254523,0.204012,0.1538895,0.1043501,0.055588,0.00779813,-0.0388258,-0.084089,-0.127797,-0.169757,-0.209772,-0.2476493,-0.283194,-0.316213,-0.34651,-0.3738912,-0.398163,-0.41913,-0.436599,-0.450375,-0.460264,-0.466071,-0.4676013,-0.464662,-0.457057,-0.444594,-0.427076,-0.4043113,-0.37610401,-0.34226,-0.302585,-0.2568847,-0.204965,-0.14663,-0.081688,-0.0099422,0.0688,0.154735,0.248055,0.348956,0.457631,0.574275,0.698945,0.83132,0.971024,1.1176629,1.270856,1.43022,1.59537,1.76592,1.94149,2.12169,2.30613,2.494448,2.68624,2.881129,3.0787287,3.278656,3.480525,3.683954,3.888556,4.09395,4.29975,4.50557,4.71102,4.915732,5.119309,5.32137,5.52153,5.71941,5.91462,6.10678,6.29531,6.479253,6.65758,6.829256,6.993263,7.148572,7.294157,7.42899,7.552046,7.662298,7.758719,7.840283,7.905963,7.954733,7.985567,7.997522,7.991019,7.96757,7.92871,7.87598,7.81092,7.73508,7.65,7.55721,7.45826,7.35468,7.24803,7.139828
18,Cst3,306.003,5.4937e-65,1.5493e-60,0.235163,0.207533,0.1800391,0.15281953,0.1260107,0.0997495,0.0741728,0.049418,0.0256208,0.0029194,-0.0185499,-0.0386501,-0.0572442,-0.0741978,-0.0894614,-0.1030918,-0.1151522,-0.125706,-0.134816,-0.142547,-0.148961,-0.154121,-0.158091,-0.1609352,-0.1627155,-0.1634957,-0.16333921,-0.1623093,-0.1604693,-0.15788038,-0.1545884,-0.1506321,-0.1460505,-0.1408822,-0.135166,-0.1289409,-0.1222456,-0.1151189,-0.1075996,-0.0997266,-0.0915386,-0.0830745,-0.074373,-0.065473,-0.056414,-0.047233,-0.037971,-0.028665,-0.019354,-0.010079,-0.00087581,0.0082149,0.017155,0.025905,0.034427,0.042682,0.0506302,0.05823396,0.065454,0.072257,0.078642,0.084618,0.090197,0.095387,0.100201,0.1046463,0.10873494,0.1124766,0.11588153,0.1189599,0.121722,0.124178,0.126338,0.128212,0.129811,0.1311441,0.1322224,0.133056,0.1336544,0.1340286,0.1341884,0.1341442,0.13390607,0.1334843,0.132889,0.13213,0.1312188,0.1301643,0.1289772,0.1276676,0.126246,0.124722,0.1231061,0.1214087,0.1196399,0.11780987,0.1159288,0.1140069,0.1120545,0.1100816,0.1080984,0.1080984,0.243142,0.3781243,0.5129842,0.6476604,0.782092,0.9162171,1.0499751,1.183305,1.316144,1.448433,1.58011,1.7111128,1.841381,1.970854,2.09947,2.2271674,2.353885,2.479563,2.604138,2.72755,2.849738,2.970641,3.0901963,3.208344,3.325022,3.44017,3.553726,3.6656299,3.77581925,3.884233,3.990811,4.0954906,4.198211,4.298912,4.397531,4.4940081,4.588281,4.680289,4.76997,4.857265,4.94211,5.024446,5.104316,5.18206,5.25805,5.3326847,5.406345,5.47942,5.55228,5.62533,5.69894,5.77351,5.84941,5.927032,6.006763,6.088985,6.1740853,6.262448,6.354459,6.450503,6.550965,6.65623,6.76669,6.88271,7.0047,7.133034,7.268096,7.41027,7.55995,7.71751,7.88334,8.05783,8.24052,8.429144,8.62116,8.814052,9.005278,9.192313,9.372627,9.543689,9.70297,9.84794,9.976069,10.084827,10.171684,10.23411,10.269575,10.275714,10.252789,10.20317,10.12927,10.03353,9.91838,9.78624,9.63953,9.48069,9.31214,9.13631,8.95563,8.772515
19,Ctss,50.028,3.5624e-10,1.0039e-05,-0.260422,-0.231818,-0.2034285,-0.17546571,-0.1481437,-0.1216761,-0.0962764,-0.072158,-0.0495355,-0.0286213,-0.0096295,0.0072263,0.0217326,0.0336805,0.0430329,0.0499663,0.0546706,0.057336,0.058152,0.057308,0.054995,0.051403,0.046721,0.0411391,0.0348478,0.0280367,0.02089567,0.0136147,0.0063838,-0.00062407,-0.0073603,-0.0138321,-0.020047,-0.0260125,-0.031736,-0.037225,-0.0424871,-0.0475296,-0.0523601,-0.0569861,-0.061415,-0.0656544,-0.069712,-0.073594,-0.07731,-0.080866,-0.08427,-0.087529,-0.090651,-0.093643,-0.09651315,-0.0992685,-0.101917,-0.104465,-0.106921,-0.109292,-0.1115865,-0.11381076,-0.11597266,-0.118079,-0.120133,-0.122135,-0.124087,-0.12599,-0.127845,-0.1296539,-0.13141787,-0.133138,-0.13481572,-0.1364522,-0.138049,-0.139607,-0.141127,-0.142612,-0.144062,-0.1454781,-0.1468623,-0.148216,-0.14953925,-0.1508346,-0.1521029,-0.1533455,-0.15456356,-0.1557585,-0.1569315,-0.158084,-0.1592171,-0.1603322,-0.1614306,-0.1625135,-0.163582,-0.164638,-0.1656825,-0.1667165,-0.1677415,-0.16875878,-0.1697696,-0.1707753,-0.1717771,-0.1727764,-0.1737743,-0.1737743,-0.129302,-0.0849462,-0.0408232,0.0029504,0.046258,0.08898401,0.1310111,0.172223,0.212503,0.251736,0.289804,0.3265913,0.361981,0.395857,0.428104,0.458603,0.487239,0.513896,0.538457,0.560806,0.580826,0.598401,0.6134134,0.625748,0.635288,0.641918,0.645519,0.6459774,0.64317495,0.636996,0.627323,0.6140413,0.597033,0.576183,0.551373,0.5224879,0.489411,0.452026,0.410216,0.363865,0.312856,0.257074,0.196679,0.1326,0.065893,-0.0023788,-0.071158,-0.13939,-0.206,-0.26995,-0.33017,-0.38559,-0.43517,-0.477847,-0.512554,-0.538236,-0.5538329,-0.558286,-0.550536,-0.529524,-0.49419,-0.44348,-0.37632,-0.29167,-0.18846,-0.065629,0.077876,0.24312,0.43115,0.64304,0.87985,1.14262,1.43078,1.740129,2.06598,2.40365,2.748438,3.095659,3.440622,3.778636,4.105013,4.415062,4.704092,4.967415,5.200339,5.398176,5.556234,5.670102,5.739808,5.76894,5.76118,5.72023,5.64977,5.55349,5.43507,5.29822,5.14661,4.98393,4.81388,4.640133
20,Plbd1,81.67,7.7127e-17,2.1742e-12,-0.174174,-0.17485,-0.1755154,-0.17616108,-0.1767768,-0.1773526,-0.1778785,-0.178345,-0.1787407,-0.1790571,-0.1792836,-0.1794103,-0.1794272,-0.1793247,-0.1791039,-0.1787799,-0.1783683,-0.177885,-0.177345,-0.176765,-0.176161,-0.175547,-0.174941,-0.174357,-0.1738114,-0.1733199,-0.17289821,-0.1725621,-0.1723272,-0.17220741,-0.1722015,-0.1723016,-0.1724999,-0.1727886,-0.1731598,-0.1736056,-0.1741183,-0.1746899,-0.1753127,-0.1759787,-0.1766802,-0.1774092,-0.178158,-0.178919,-0.179683,-0.180444,-0.181194,-0.181923,-0.182626,-0.183293,-0.18391689,-0.1844901,-0.185005,-0.185452,-0.185826,-0.186117,-0.1863181,-0.18642116,-0.18641837,-0.1863031,-0.186076,-0.185738,-0.185295,-0.184747,-0.184098,-0.1833498,-0.18250626,-0.1815696,-0.18054256,-0.1794279,-0.178228,-0.176947,-0.175586,-0.174148,-0.172636,-0.1710534,-0.1694022,-0.167685,-0.16590517,-0.164065,-0.1621673,-0.1602148,-0.15821029,-0.1561565,-0.1540562,-0.151912,-0.1497269,-0.1475033,-0.1452442,-0.1429522,-0.14063,-0.138281,-0.1359065,-0.1335105,-0.1310953,-0.12866371,-0.1262184,-0.1237621,-0.1212977,-0.1188277,-0.116355,-0.116355,-0.089279,-0.0622079,-0.0351474,-0.0081028,0.018921,0.04591807,0.0728838,0.099813,0.126699,0.153539,0.180326,0.2070547,0.23372,0.260318,0.286842,0.3132864,0.339647,0.365918,0.392095,0.418171,0.444142,0.470003,0.4957483,0.521372,0.54687,0.572236,0.597466,0.6225529,0.6474929,0.67228,0.69691,0.7213763,0.745674,0.769799,0.793744,0.8175058,0.841078,0.864455,0.887632,0.910605,0.933366,0.955912,0.978286,1.00067,1.023251,1.0462441,1.069845,1.09426,1.11968,1.14631,1.17435,1.204,1.23547,1.268956,1.304654,1.342768,1.3834993,1.427048,1.473616,1.523403,1.57661,1.63344,1.69409,1.75876,1.82766,1.900984,1.978932,2.06171,2.14951,2.24254,2.341,2.44509,2.5546,2.668426,2.78534,2.904114,3.023518,3.142324,3.259302,3.373225,3.482863,3.586988,3.684371,3.773783,3.853996,3.923781,3.981909,4.027229,4.059801,4.08066,4.09088,4.09152,4.08364,4.0683,4.04659,4.01954,3.98824,3.95375,3.91713,3.879441
21,Lsp1,74.822,2.1733e-15,6.126e-11,-0.219888,-0.184133,-0.148632,-0.11363964,-0.0794102,-0.0461981,-0.0142575,0.016157,0.0447917,0.0713916,0.0957027,0.1174707,0.1364411,0.1523649,0.1651758,0.1750352,0.1821189,0.186603,0.188663,0.188474,0.186214,0.182057,0.176179,0.1687556,0.1599635,0.1499781,0.13897515,0.1271305,0.11462,0.10160922,0.0881886,0.074415,0.0603448,0.0460348,0.0315414,0.0169212,0.0022309,-0.012473,-0.0271339,-0.0416952,-0.0561004,-0.0702929,-0.084216,-0.097813,-0.111028,-0.123804,-0.136084,-0.147812,-0.158931,-0.169385,-0.17911662,-0.1880699,-0.196188,-0.203415,-0.209693,-0.214966,-0.219178,-0.22227196,-0.22419128,-0.2248891,-0.224375,-0.222677,-0.219827,-0.215853,-0.210785,-0.2046521,-0.19748453,-0.1893117,-0.18016303,-0.1700682,-0.159057,-0.147158,-0.134402,-0.120818,-0.106436,-0.0912846,-0.0753943,-0.058794,-0.04151417,-0.0235836,-0.005032,0.014111,0.03381571,0.0540527,0.0747924,0.096005,0.1176614,0.1397317,0.1621864,0.1849959,0.208131,0.231561,0.2552576,0.2791907,0.3033308,0.32764835,0.3521137,0.3766973,0.4013697,0.4261011,0.4508622,0.4508622,0.50504,0.5591514,0.6131308,0.666912,0.720429,0.77361555,0.8264058,0.878734,0.930533,0.981737,1.032281,1.0820986,1.131123,1.179289,1.226529,1.2727789,1.317971,1.362041,1.404921,1.446546,1.48685,1.525766,1.563229,1.599172,1.63353,1.666236,1.697224,1.7264289,1.75378355,1.779222,1.802679,1.8240877,1.843382,1.860497,1.875365,1.8879206,1.898098,1.905831,1.911053,1.913699,1.913702,1.910997,1.905633,1.89798,1.888458,1.8774964,1.865516,1.85294,1.8402,1.82771,1.81589,1.80518,1.796,1.78876,1.783897,1.781832,1.7829875,1.787788,1.796658,1.810022,1.828302,1.85192,1.88131,1.91688,1.95907,2.008296,2.064981,2.12955,2.20243,2.28404,2.37481,2.47515,2.58493,2.70275,2.82704,2.956243,3.088782,3.223093,3.357612,3.49077,3.621001,3.746738,3.866416,3.978466,4.081323,4.17342,4.25319,4.319157,4.371287,4.4107,4.43856,4.45602,4.46423,4.46435,4.45753,4.44494,4.42772,4.40704,4.38404,4.359886
22,Tmsb4x,112.44,2.1958e-23,6.1905e-19,-0.448504,-0.435945,-0.4234685,-0.41115552,-0.3990884,-0.3873491,-0.3760195,-0.365182,-0.3549173,-0.3453086,-0.3364374,-0.3283857,-0.3212354,-0.3150666,-0.3098923,-0.3056417,-0.3022391,-0.299609,-0.297674,-0.29636,-0.295591,-0.29529,-0.295382,-0.2957902,-0.2964397,-0.2972543,-0.29815818,-0.2990753,-0.29993,-0.30065313,-0.3012272,-0.3016574,-0.3019494,-0.3021085,-0.3021401,-0.3020498,-0.301843,-0.3015251,-0.3011016,-0.3005779,-0.2999596,-0.2992519,-0.29846,-0.297591,-0.296648,-0.295638,-0.294566,-0.293437,-0.292257,-0.291032,-0.28976595,-0.2884655,-0.287136,-0.285782,-0.28441,-0.283025,-0.281633,-0.28023851,-0.27884747,-0.2774647,-0.276091,-0.274727,-0.273371,-0.272025,-0.270686,-0.269356,-0.26803374,-0.2667193,-0.26541232,-0.2641127,-0.26282,-0.261534,-0.260255,-0.258982,-0.257716,-0.256455,-0.2552,-0.25395,-0.25270611,-0.2514668,-0.2502323,-0.2490023,-0.24777671,-0.2465552,-0.2453375,-0.244124,-0.2429129,-0.2417055,-0.2405011,-0.2392993,-0.2381,-0.236903,-0.2357083,-0.2345153,-0.2333238,-0.23213372,-0.2309448,-0.2297567,-0.2285694,-0.2273825,-0.2261958,-0.2261958,-0.151797,-0.0774677,-0.0032757,0.0707098,0.14442,0.21778635,0.2907397,0.363211,0.435133,0.506434,0.577048,0.646905,0.715936,0.784072,0.851246,0.9173865,0.982426,1.046297,1.108928,1.170252,1.2302,1.288703,1.3456915,1.401098,1.454852,1.506887,1.557132,1.6055191,1.65197966,1.696445,1.738845,1.7791126,1.817178,1.852973,1.886428,1.9174741,1.946043,1.972067,1.995475,2.0162,2.034172,2.049323,2.061658,2.07139,2.078759,2.0840173,2.087408,2.08918,2.08957,2.08884,2.08722,2.08497,2.08232,2.079528,2.076837,2.074492,2.0727403,2.071827,2.071998,2.073499,2.076577,2.08148,2.08845,2.09773,2.10957,2.124219,2.14192,2.16292,2.18746,2.2158,2.24817,2.28482,2.32574,2.37039,2.41813,2.46832,2.520337,2.573548,2.627319,2.681019,2.734016,2.785679,2.835374,2.882471,2.926337,2.96634,3.001849,3.032267,3.057559,3.07814,3.09444,3.10688,3.1159,3.12192,3.12537,3.12668,3.12628,3.12459,3.12204,3.119072
23,Ccr2,188.194,1.2952e-39,3.6523e-35,-0.138236,-0.140422,-0.142565,-0.14462215,-0.1465508,-0.1483079,-0.1498508,-0.151136,-0.1521221,-0.1527649,-0.1530219,-0.1528503,-0.1522072,-0.1510508,-0.1493748,-0.1472173,-0.144619,-0.141621,-0.138264,-0.134588,-0.130636,-0.126447,-0.122062,-0.1175221,-0.1128685,-0.1081417,-0.10338263,-0.0986321,-0.093931,-0.08931704,-0.0848055,-0.0804017,-0.0761105,-0.0719373,-0.067887,-0.0639648,-0.0601759,-0.0565254,-0.0530184,-0.0496599,-0.0464553,-0.0434095,-0.040528,-0.037815,-0.035276,-0.032917,-0.030743,-0.028758,-0.026968,-0.025377,-0.02399184,-0.0228166,-0.021857,-0.021117,-0.020603,-0.020319,-0.0202714,-0.02046443,-0.02090347,-0.0215924,-0.022528,-0.023704,-0.025114,-0.026753,-0.028614,-0.0306917,-0.03297978,-0.0354723,-0.03816315,-0.0410464,-0.044116,-0.047366,-0.05079,-0.054383,-0.058138,-0.0620493,-0.0661109,-0.070317,-0.074661,-0.0791374,-0.0837401,-0.088463,-0.09330015,-0.0982455,-0.1032931,-0.108437,-0.1136707,-0.1189888,-0.1243851,-0.1298535,-0.135388,-0.140983,-0.1466314,-0.1523282,-0.1580672,-0.16384217,-0.1696472,-0.1754763,-0.1813235,-0.1871827,-0.1930478,-0.1930478,-0.14174,-0.0905029,-0.0394071,0.0114765,0.062077,0.11232474,0.1621479,0.211476,0.260239,0.308365,0.355785,0.4024265,0.44822,0.493094,0.536979,0.5798029,0.621496,0.661987,0.701205,0.73908,0.775542,0.810518,0.8439396,0.875735,0.905833,0.934164,0.960657,0.985241,1.00784542,1.0284,1.046833,1.0630745,1.077054,1.0887,1.097943,1.1047106,1.108934,1.110541,1.109461,1.105625,1.09896,1.089397,1.077098,1.06286,1.047607,1.0322412,1.017678,1.00483,0.99461,0.98793,0.9857,0.98884,0.99826,1.014866,1.039575,1.073298,1.1169496,1.171441,1.237684,1.316593,1.409078,1.51605,1.63843,1.77712,1.93304,2.107102,2.300213,2.51329,2.74724,3.00298,3.28143,3.58348,3.90869,4.253618,4.61439,4.987147,5.368025,5.753163,6.138698,6.520767,6.895508,7.259058,7.607555,7.937137,8.24394,8.524102,8.773762,8.989279,9.170575,9.32043,9.44169,9.53724,9.60991,9.66257,9.69809,9.71931,9.72909,9.73031,9.7258,9.718436
24,Unc93b1,61.377,1.4895e-12,4.1981e-08,-0.295594,-0.297561,-0.2993507,-0.30078866,-0.3016984,-0.3019038,-0.3012288,-0.299497,-0.2965332,-0.2921606,-0.2862032,-0.278485,-0.2688299,-0.2570678,-0.2432421,-0.2276618,-0.2106528,-0.192541,-0.173651,-0.154311,-0.134844,-0.115578,-0.096838,-0.0789498,-0.0622389,-0.0470314,-0.03365299,-0.0224295,-0.0136867,-0.00770804,-0.0044632,-0.0037814,-0.0054913,-0.0094215,-0.0154006,-0.023257,-0.0328195,-0.0439167,-0.056377,-0.0700291,-0.0847015,-0.1002229,-0.116422,-0.133127,-0.150167,-0.16737,-0.184565,-0.20158,-0.218245,-0.234387,-0.24983511,-0.2644183,-0.277965,-0.290303,-0.301262,-0.310671,-0.3183567,-0.32414899,-0.32787622,-0.3293921,-0.328697,-0.325846,-0.320892,-0.313889,-0.304891,-0.2939518,-0.28112559,-0.2664662,-0.25002746,-0.2318634,-0.212028,-0.190575,-0.167558,-0.143032,-0.117049,-0.0896653,-0.0609333,-0.030907,0.00035897,0.0328113,0.066396,0.101059,0.13674648,0.1734045,0.210979,0.249416,0.2886624,0.3286633,0.3693651,0.410714,0.452656,0.495137,0.5381034,0.5815012,0.6252763,0.66937502,0.7137433,0.7583272,0.8030729,0.8479264,0.8928339,0.8928339,0.83346,0.7742482,0.7153626,0.6569655,0.59922,0.54228884,0.4863349,0.431521,0.37801,0.325965,0.275549,0.2269243,0.180254,0.135701,0.093429,0.0535991,0.016375,-0.018079,-0.049602,-0.078031,-0.103202,-0.124952,-0.1431199,-0.157541,-0.168054,-0.174494,-0.1767,-0.1745088,-0.1677568,-0.156281,-0.13992,-0.1185094,-0.091887,-0.05989,-0.022355,0.0208809,0.06998,0.125105,0.186419,0.254086,0.328267,0.409126,0.496624,0.59017,0.689069,0.792637,0.900184,1.01102,1.12446,1.23981,1.35639,1.47349,1.59045,1.706558,1.821136,1.933493,2.0429392,2.148787,2.250346,2.346928,2.437845,2.52241,2.59992,2.66971,2.73107,2.783328,2.825782,2.85775,2.87854,2.88746,2.88383,2.86695,2.83694,2.795634,2.74512,2.68748,2.624804,2.559175,2.492678,2.427398,2.365421,2.30883,2.259712,2.220151,2.192233,2.178042,2.179663,2.199063,2.236313,2.28997,2.35853,2.44051,2.53443,2.63878,2.75207,2.87283,2.99954,3.13073,3.26491,3.40057
25,Alox5ap,35.525,3.6243e-07,0.010208,-0.153398,-0.1371,-0.1209717,-0.10518529,-0.0899113,-0.0753206,-0.061584,-0.048872,-0.037356,-0.0272064,-0.018594,-0.0116898,-0.0066644,-0.0036843,-0.0027552,-0.0036832,-0.0062617,-0.010284,-0.015544,-0.021835,-0.02895,-0.036683,-0.044828,-0.0531765,-0.0615236,-0.0696623,-0.07738611,-0.0844884,-0.0907627,-0.09602412,-0.100249,-0.1034856,-0.1057826,-0.1071888,-0.1077528,-0.1075232,-0.1065488,-0.1048782,-0.1025601,-0.0996433,-0.0961763,-0.0922079,-0.087787,-0.082961,-0.077781,-0.072294,-0.066548,-0.060594,-0.054478,-0.048251,-0.04196026,-0.035655,-0.029384,-0.023195,-0.017138,-0.011262,-0.0056136,-0.00024296,0.00480147,0.0094775,0.013781,0.01772,0.021304,0.024543,0.027446,0.0300206,0.03227708,0.0342243,0.03587139,0.0372274,0.038301,0.039103,0.03964,0.039923,0.03996,0.0397602,0.0393334,0.038688,0.03783387,0.0367794,0.0355339,0.0341065,0.03250629,0.0307423,0.0288237,0.02676,0.024559,0.0222311,0.019785,0.0172296,0.014574,0.011828,0.0089997,0.0060988,0.0031341,0.00011491,-0.0029498,-0.0060509,-0.0091792,-0.0123258,-0.0154815,-0.0154815,-0.021221,-0.0269162,-0.0325218,-0.0379934,-0.043286,-0.04835565,-0.053157,-0.057645,-0.061776,-0.065505,-0.068787,-0.0715778,-0.073832,-0.075505,-0.076553,-0.0769306,-0.076593,-0.075496,-0.073594,-0.070844,-0.0672,-0.062617,-0.0570515,-0.050458,-0.042792,-0.034009,-0.024064,-0.012913,-0.00051047,0.013188,0.028227,0.0446511,0.062505,0.081834,0.102682,0.125094,0.149115,0.174789,0.202161,0.231276,0.262178,0.294912,0.329452,0.36558,0.403037,0.4415728,0.480933,0.52086,0.56111,0.60142,0.64154,0.68121,0.72019,0.758206,0.795021,0.830375,0.8640138,0.895685,0.925133,0.952106,0.976349,0.99761,1.01563,1.03016,1.04094,1.047727,1.050259,1.04828,1.04155,1.0298,1.01278,0.99024,0.96252,0.931275,0.89834,0.865551,0.83474,0.807741,0.78639,0.772521,0.767967,0.774563,0.794145,0.828545,0.879598,0.949139,1.039001,1.150899,1.284607,1.43835,1.6103,1.79865,2.00157,2.21723,2.44382,2.67952,2.92251,3.17095,3.42304,3.676953
26,Tapbp,35.532,3.6113e-07,0.010172,-0.497072,-0.431832,-0.3671223,-0.30347484,-0.2414204,-0.1814901,-0.1242149,-0.070126,-0.0197537,0.0263702,0.0677149,0.1037494,0.1339427,0.1577764,0.1751771,0.1866264,0.1926407,0.193736,0.190429,0.183236,0.172674,0.159258,0.143505,0.1259315,0.1070536,0.0873877,0.06745022,0.0477574,0.0288257,0.01112279,-0.0052417,-0.0203188,-0.0341605,-0.0468186,-0.058345,-0.0687915,-0.07821,-0.0866523,-0.0941703,-0.1008158,-0.1066407,-0.1116969,-0.116036,-0.11971,-0.122771,-0.125271,-0.127261,-0.128794,-0.129921,-0.130694,-0.13116479,-0.1313855,-0.131408,-0.131284,-0.131065,-0.130803,-0.130551,-0.13035944,-0.1302807,-0.1303603,-0.130607,-0.131018,-0.131588,-0.132313,-0.13319,-0.1342131,-0.13537953,-0.1366849,-0.13812515,-0.1396961,-0.141394,-0.143214,-0.145153,-0.147206,-0.149369,-0.1516389,-0.1540107,-0.156481,-0.15904446,-0.1616982,-0.1644377,-0.167259,-0.17015791,-0.1731303,-0.1761722,-0.17928,-0.1824481,-0.1856739,-0.1889527,-0.1922807,-0.195654,-0.199067,-0.2025177,-0.2060009,-0.2095127,-0.21304897,-0.2166057,-0.2201788,-0.2237641,-0.2273576,-0.2309552,-0.2309552,-0.198714,-0.1664706,-0.134224,-0.1019721,-0.069713,-0.03744561,-0.0051675,0.027123,0.059427,0.091747,0.124085,0.1564418,0.18882,0.22122,0.253645,0.2860967,0.318576,0.351085,0.383626,0.416199,0.448808,0.481454,0.5141378,0.546862,0.579628,0.612438,0.645294,0.6781964,0.71114809,0.744151,0.777205,0.8103146,0.84348,0.876703,0.909985,0.9433285,0.976735,1.010206,1.043744,1.07735,1.111026,1.144774,1.178577,1.21237,1.246076,1.2796226,1.312934,1.34594,1.37855,1.41071,1.44234,1.47335,1.50368,1.533258,1.562,1.589834,1.6166851,1.64248,1.667142,1.690598,1.712773,1.73359,1.75298,1.77086,1.78717,1.801814,1.814732,1.82585,1.83508,1.84236,1.84761,1.85076,1.85197,1.851905,1.85132,1.850948,1.851545,1.853851,1.858612,1.866572,1.878476,1.895068,1.917095,1.945299,1.980426,2.023222,2.074429,2.134745,2.20407,2.28167,2.36679,2.45869,2.5566,2.65978,2.76747,2.87892,2.99338,3.1101,3.22833,3.347303
27,Rgs2,37.959,1.1426e-07,0.003219,-0.096735,-0.090659,-0.0847889,-0.07933171,-0.0744933,-0.07048,-0.0674981,-0.065754,-0.0654534,-0.0668031,-0.0700093,-0.0752782,-0.0828161,-0.0928227,-0.1052637,-0.1198137,-0.1361286,-0.153865,-0.172678,-0.192225,-0.212161,-0.232143,-0.251826,-0.2708676,-0.2889229,-0.3056482,-0.3206998,-0.3337337,-0.344406,-0.35241347,-0.3577536,-0.3605585,-0.3609608,-0.3590934,-0.355089,-0.3490804,-0.3412002,-0.3315813,-0.3203564,-0.3076583,-0.2936196,-0.2783732,-0.262052,-0.244788,-0.226715,-0.207965,-0.188672,-0.168966,-0.148983,-0.128854,-0.10871151,-0.0886891,-0.068919,-0.049535,-0.030668,-0.012452,0.0049801,0.02149605,0.03696297,0.0512661,0.064396,0.076381,0.087251,0.097033,0.105756,0.1134484,0.12013967,0.125858,0.13063197,0.1344902,0.137461,0.139574,0.140857,0.141338,0.141047,0.1400121,0.1382616,0.135824,0.13272872,0.1290036,0.1246776,0.1197793,0.11433723,0.1083801,0.1019365,0.095035,0.0877042,0.0799729,0.0718695,0.0634227,0.054661,0.045613,0.0363082,0.026774,0.0170395,0.00713332,-0.002916,-0.0130797,-0.0233293,-0.0336361,-0.0439716,-0.0439716,-0.064445,-0.0848439,-0.1050934,-0.1251189,-0.144846,-0.16419937,-0.183105,-0.201488,-0.219274,-0.236387,-0.252755,-0.2683006,-0.282951,-0.29663,-0.309264,-0.3207784,-0.331098,-0.340149,-0.347855,-0.354143,-0.358938,-0.362165,-0.3637496,-0.363617,-0.361692,-0.357901,-0.352169,-0.3444211,-0.33458261,-0.322579,-0.308336,-0.2917776,-0.272831,-0.25142,-0.22747,-0.2009081,-0.171658,-0.139645,-0.104796,-0.067034,-0.026287,0.017522,0.064397,0.11415,0.16657,0.2214293,0.278513,0.3376,0.39848,0.46092,0.52471,0.58963,0.65546,0.721984,0.788981,0.856232,0.9235186,0.990622,1.057323,1.123404,1.188644,1.25283,1.31573,1.37714,1.43683,1.494593,1.5502,1.60343,1.65408,1.70192,1.74672,1.78829,1.82663,1.862357,1.89612,1.928586,1.960419,1.992284,2.024845,2.058766,2.094711,2.133345,2.175331,2.221333,2.272017,2.328045,2.390082,2.458753,2.534035,2.61539,2.70227,2.79412,2.89039,2.99052,3.09397,3.20018,3.30859,3.41867,3.52984,3.641573
28,Id2,36.79,1.9902e-07,0.0056062,-0.156331,-0.155694,-0.155066,-0.15445679,-0.1538758,-0.1533326,-0.1528364,-0.152397,-0.1520229,-0.1517244,-0.1515107,-0.1513912,-0.1513752,-0.151472,-0.1516802,-0.151986,-0.1523743,-0.15283,-0.15334,-0.153887,-0.154457,-0.155036,-0.155608,-0.1561589,-0.1566737,-0.1571374,-0.15753529,-0.1578524,-0.158074,-0.15818705,-0.1581927,-0.1580982,-0.1579111,-0.1576387,-0.1572885,-0.1568679,-0.1563842,-0.1558448,-0.1552572,-0.1546288,-0.153967,-0.1532791,-0.152573,-0.151855,-0.151134,-0.150416,-0.149709,-0.14902,-0.148358,-0.147728,-0.14713922,-0.1465984,-0.146113,-0.14569,-0.145338,-0.145063,-0.1448737,-0.14477646,-0.14477909,-0.1448879,-0.145103,-0.145421,-0.145839,-0.146356,-0.146969,-0.1476742,-0.14847014,-0.1493539,-0.15032289,-0.1513745,-0.152506,-0.153716,-0.155,-0.156356,-0.157782,-0.1592758,-0.1608338,-0.162454,-0.16413317,-0.1658694,-0.1676599,-0.169502,-0.17139325,-0.173331,-0.1753126,-0.177336,-0.1793973,-0.1814952,-0.1836267,-0.1857891,-0.18798,-0.190197,-0.1924367,-0.1946974,-0.1969761,-0.19927029,-0.2015774,-0.2038949,-0.2062201,-0.2085505,-0.2108835,-0.2108835,-0.069155,0.072418,0.2136778,0.3544686,0.494634,0.63401731,0.7724626,0.909813,1.045913,1.180606,1.313735,1.4451438,1.574676,1.702176,1.827487,1.9504526,2.070916,2.188722,2.303713,2.415733,2.524625,2.630234,2.7324037,2.830977,2.925797,3.016708,3.103553,3.1861773,3.26442299,3.338134,3.407155,3.4713276,3.530497,3.584507,3.6332,3.6764203,3.714012,3.745818,3.771682,3.791448,3.80496,3.812061,3.81265,3.80678,3.794535,3.775991,3.751229,3.72033,3.68337,3.64043,3.5916,3.53694,3.47655,3.410502,3.338873,3.261745,3.1791994,3.091315,2.998171,2.899849,2.796427,2.68799,2.57461,2.45637,2.33335,2.205636,2.0733,1.93643,1.79509,1.64938,1.49936,1.34514,1.18775,1.030433,0.87671,0.730094,0.594113,0.472286,0.368134,0.285179,0.226941,0.196941,0.1987,0.235741,0.311582,0.429747,0.593756,0.806878,1.068379,1.37431,1.72063,2.10331,2.5183,2.96156,3.42905,3.91674,4.42059,4.93656,5.4606,5.988684
29,Irf8,141.092,1.6474e-29,4.6451e-25,-0.034908,-0.036856,-0.038664,-0.04019088,-0.0412962,-0.0418395,-0.0416802,-0.040678,-0.0386917,-0.0355816,-0.0312067,-0.0254268,-0.0181011,-0.0090936,0.0015738,0.0136826,0.0270021,0.041301,0.056349,0.071916,0.087769,0.103679,0.119414,0.1347439,0.1494376,0.1632642,0.17599291,0.1873929,0.1972332,0.20531114,0.2116311,0.2162903,0.2193867,0.2210178,0.2212814,0.2202754,0.2180974,0.2148451,0.2106164,0.205509,0.1996205,0.1930488,0.185892,0.178247,0.170212,0.161884,0.153362,0.144744,0.136126,0.127607,0.11928445,0.111256,0.10362,0.096473,0.089913,0.084039,0.0789476,0.07473686,0.07150447,0.0693344,0.06823,0.068165,0.069113,0.071049,0.073947,0.07778,0.08252286,0.0881493,0.09463334,0.101949,0.11007,0.118971,0.128626,0.139008,0.150092,0.1618521,0.1742616,0.187295,0.2009257,0.2151284,0.2298768,0.245145,0.26090698,0.2771368,0.2938083,0.310896,0.328373,0.3462141,0.364393,0.3828838,0.40166,0.420697,0.4399674,0.4594458,0.479106,0.49892225,0.5188684,0.5389185,0.5590466,0.5792266,0.5994327,0.5994327,0.62101,0.6427013,0.6646206,0.6868819,0.709599,0.73288643,0.7568577,0.781627,0.807308,0.834015,0.861862,0.8909635,0.921432,0.953383,0.98693,1.0221873,1.059268,1.098287,1.139358,1.182594,1.228111,1.276021,1.3264399,1.37948,1.435257,1.493883,1.555473,1.6201408,1.68800072,1.759167,1.833752,1.9118718,1.993639,2.079169,2.168574,2.2619691,2.359468,2.461185,2.567234,2.677728,2.792783,2.912511,3.036847,3.16523,3.297017,3.4315585,3.568211,3.70633,3.84526,3.98437,4.12301,4.26052,4.39628,4.52962,4.659908,4.786494,4.9087333,5.025979,5.137587,5.24291,5.341303,5.43212,5.51472,5.58844,5.65266,5.706716,5.749968,5.78177,5.80148,5.80844,5.80201,5.78156,5.74726,5.701122,5.64541,5.582391,5.514323,5.443471,5.372095,5.302459,5.236826,5.177457,5.126616,5.086564,5.059564,5.047879,5.053771,5.079373,5.124743,5.18828,5.26833,5.36324,5.47136,5.59103,5.72062,5.85846,6.00291,6.15231,6.30502,6.459376
30,Ifi30,44.766,4.4473e-09,0.00012531,-0.197571,-0.192547,-0.1875546,-0.18262585,-0.177792,-0.1730849,-0.168536,-0.164177,-0.1600397,-0.1561556,-0.1525565,-0.1492739,-0.1463396,-0.1437846,-0.1416205,-0.1398346,-0.1384125,-0.13734,-0.136603,-0.136186,-0.136076,-0.136259,-0.136719,-0.1374435,-0.138417,-0.1396256,-0.14105498,-0.1426908,-0.1445188,-0.14652457,-0.1486929,-0.1510081,-0.1534548,-0.1560174,-0.1586802,-0.1614278,-0.1642446,-0.167115,-0.1700235,-0.1729544,-0.1758924,-0.1788217,-0.181727,-0.184592,-0.187402,-0.190142,-0.192794,-0.195345,-0.197779,-0.200079,-0.20223054,-0.2042179,-0.206026,-0.207638,-0.209039,-0.210214,-0.2111473,-0.21182268,-0.21222496,-0.2123411,-0.212173,-0.211727,-0.21101,-0.21003,-0.208792,-0.2073053,-0.20557532,-0.2036094,-0.20141446,-0.1989974,-0.196365,-0.193525,-0.190483,-0.187247,-0.183824,-0.1802202,-0.1764429,-0.172499,-0.16839557,-0.1641394,-0.1597375,-0.1551968,-0.15052425,-0.1457268,-0.1408113,-0.135785,-0.1306542,-0.1254264,-0.1201084,-0.1147071,-0.10923,-0.103682,-0.098073,-0.092408,-0.0866944,-0.08093921,-0.0751493,-0.0693316,-0.0634931,-0.0576407,-0.0517814,-0.0517814,-0.022015,0.0077833,0.0376441,0.0675992,0.09768,0.12791782,0.1583441,0.18899,0.219888,0.251068,0.282563,0.3144026,0.34662,0.379245,0.41231,0.4458465,0.479886,0.514459,0.549597,0.585333,0.621696,0.65872,0.6964344,0.734872,0.774063,0.814039,0.854832,0.8964737,0.93899478,0.982427,1.026801,1.0721498,1.118503,1.165894,1.214352,1.2639102,1.314599,1.36645,1.419495,1.473766,1.529292,1.586107,1.644143,1.70306,1.76247,1.8219892,1.88123,1.93981,1.99733,2.05342,2.10769,2.15974,2.2092,2.255673,2.298779,2.33813,2.373338,2.404018,2.429783,2.450247,2.465023,2.47373,2.47597,2.47136,2.45952,2.440067,2.412604,2.37675,2.33211,2.27831,2.21496,2.14168,2.05916,1.970498,1.87912,1.788447,1.701903,1.622909,1.554889,1.501266,1.465461,1.450898,1.461,1.499188,1.568887,1.673517,1.816503,2.00104,2.226689,2.4901,2.78784,3.11648,3.47258,3.85271,4.25344,4.67134,5.10297,5.54489,5.99368,6.445908
31,Rnase6,44.907,4.1572e-09,0.00011714,-0.213892,-0.196528,-0.1793271,-0.16245324,-0.1460696,-0.1303396,-0.1154265,-0.101494,-0.0887048,-0.0772229,-0.0672116,-0.0588342,-0.0522542,-0.0476306,-0.0449715,-0.0440964,-0.0448133,-0.04693,-0.050254,-0.054594,-0.059757,-0.065551,-0.071784,-0.0782643,-0.0847989,-0.0911959,-0.09726321,-0.1028087,-0.1076401,-0.11158662,-0.1146343,-0.1168395,-0.1182592,-0.11895,-0.1189688,-0.1183723,-0.1172173,-0.1155607,-0.1134592,-0.1109695,-0.1081486,-0.105053,-0.10174,-0.098266,-0.094687,-0.091061,-0.087445,-0.083895,-0.080467,-0.07722,-0.07420877,-0.0714911,-0.069123,-0.067163,-0.065666,-0.064689,-0.0642898,-0.06452444,-0.06544993,-0.0671147,-0.069518,-0.072643,-0.07647,-0.080982,-0.086161,-0.0919889,-0.09844737,-0.1055186,-0.11318456,-0.1214272,-0.130229,-0.139571,-0.149435,-0.159804,-0.17066,-0.1819845,-0.1937594,-0.205967,-0.21858879,-0.2316072,-0.2450041,-0.2587614,-0.2728611,-0.2872852,-0.3020157,-0.317035,-0.3323237,-0.3478651,-0.3636409,-0.3796329,-0.395823,-0.412194,-0.4287263,-0.4454031,-0.4622061,-0.47911718,-0.4961184,-0.5131917,-0.5303191,-0.5474825,-0.5646639,-0.5646639,-0.532557,-0.5003616,-0.4679901,-0.4353541,-0.402366,-0.36893644,-0.3349784,-0.300403,-0.265123,-0.22905,-0.192095,-0.1541707,-0.115189,-0.075061,-0.033699,0.0089848,0.053079,0.098671,0.14585,0.194704,0.245321,0.297788,0.3521944,0.408628,0.467177,0.52793,0.590974,0.6563978,0.7242897,0.794738,0.86783,0.9436542,1.022299,1.103853,1.188403,1.2760381,1.366846,1.460916,1.558334,1.659191,1.763572,1.871568,1.983021,2.09711,2.212888,2.3294184,2.44576,2.56097,2.67411,2.78424,2.89042,2.99171,3.08716,3.175836,3.256798,3.329105,3.3918155,3.443989,3.484684,3.512961,3.527879,3.5285,3.51387,3.48307,3.43514,3.369153,3.284159,3.17922,3.0534,2.90575,2.73534,2.54122,2.32461,2.091425,1.84825,1.60167,1.358253,1.12458,0.907228,0.712775,0.547799,0.418877,0.332587,0.295507,0.314214,0.395286,0.5453,0.77041,1.069989,1.43797,1.86814,2.35427,2.89016,3.46957,4.08629,4.73411,5.4068,6.09815,6.80193,7.511934
32,Pak1,42.339,1.4191e-08,0.00039983,0.016415,0.010561,0.0046751,-0.00127604,-0.0073249,-0.013504,-0.0198459,-0.026383,-0.0331484,-0.0401741,-0.0474929,-0.0551373,-0.0631399,-0.0715317,-0.0802869,-0.0893091,-0.0984976,-0.107751,-0.11697,-0.126052,-0.134897,-0.143404,-0.151473,-0.1590018,-0.1658904,-0.1720379,-0.17734337,-0.181706,-0.185025,-0.18721313,-0.1882832,-0.1882929,-0.1873002,-0.185363,-0.1825393,-0.178887,-0.1744639,-0.1693282,-0.1635376,-0.1571501,-0.1502237,-0.1428162,-0.134986,-0.12679,-0.118287,-0.109535,-0.100591,-0.091514,-0.082362,-0.073191,-0.06406164,-0.0550301,-0.046155,-0.037494,-0.029105,-0.021046,-0.0133746,-0.00614941,0.00057199,0.0067397,0.01235,0.017417,0.021955,0.025976,0.029494,0.0325231,0.03507672,0.0371684,0.03881169,0.0400202,0.040808,0.041187,0.041173,0.040778,0.040017,0.038902,0.0374475,0.035667,0.0335739,0.0311819,0.0285047,0.0255557,0.0223485,0.0188968,0.0152141,0.011314,0.0072101,0.002916,-0.0015547,-0.0061884,-0.010972,-0.015891,-0.0209321,-0.0260822,-0.0313273,-0.03665402,-0.0420486,-0.0474976,-0.0529873,-0.0585042,-0.0640347,-0.0640347,-0.096587,-0.1289861,-0.1610807,-0.192718,-0.223745,-0.25401062,-0.2833611,-0.311645,-0.338708,-0.3644,-0.388567,-0.4110577,-0.431719,-0.450398,-0.466943,-0.4812009,-0.49302,-0.502247,-0.508731,-0.512317,-0.512855,-0.510192,-0.5041743,-0.494651,-0.481468,-0.464474,-0.443517,-0.4184437,-0.38910177,-0.355339,-0.317002,-0.2739401,-0.226,-0.173028,-0.114873,-0.0513832,0.017595,0.092214,0.172626,0.258984,0.351439,0.450145,0.554977,0.66505,0.779363,0.8968903,1.016622,1.13755,1.25865,1.37892,1.49734,1.6129,1.72458,1.831381,1.93228,2.026265,2.1123233,2.189442,2.256608,2.312808,2.357028,2.38826,2.40548,2.40768,2.39385,2.362982,2.314051,2.24605,2.15796,2.04878,1.91748,1.76307,1.5867,1.394352,1.19264,0.988194,0.787638,0.597598,0.424698,0.275564,0.156821,0.075094,0.037008,0.049188,0.118259,0.250846,0.453574,0.732638,1.087377,1.51163,1.99907,2.54338,3.13824,3.77734,4.45436,5.16296,5.89685,6.64969,7.41517,8.186974
33,Gm2a,52.51,1.0793e-10,3.0416e-06,-0.097138,-0.105715,-0.1141146,-0.12215911,-0.129671,-0.1364726,-0.1423865,-0.147235,-0.1508405,-0.1530256,-0.1536127,-0.1524242,-0.1492825,-0.1440148,-0.1366165,-0.1272924,-0.1162605,-0.103739,-0.089945,-0.075097,-0.059414,-0.043113,-0.026412,-0.0095284,0.0073187,0.0239117,0.04003269,0.0554637,0.0699866,0.08340539,0.0956846,0.1068612,0.1169722,0.1260549,0.1341463,0.1412838,0.1475043,0.1528452,0.1573435,0.1610364,0.1639611,0.1661547,0.167654,0.168497,0.168721,0.168362,0.167458,0.166045,0.164162,0.161845,0.15913175,0.1560588,0.152664,0.148983,0.145055,0.140916,0.1366032,0.13215409,0.12760569,0.1229912,0.11832,0.113595,0.108815,0.103984,0.099102,0.0941698,0.08919004,0.0841636,0.07909184,0.0739761,0.068818,0.063618,0.058379,0.053101,0.047787,0.0424362,0.0370514,0.031634,0.0261843,0.0207048,0.0151964,0.0096605,0.0040986,-0.001488,-0.007098,-0.01273,-0.0183825,-0.0240543,-0.0297439,-0.03545,-0.041171,-0.046906,-0.0526534,-0.0584117,-0.0641796,-0.06995569,-0.0757387,-0.0815271,-0.0873197,-0.0931151,-0.0989118,-0.0989118,-0.117224,-0.1354574,-0.1535316,-0.1713675,-0.188886,-0.2060067,-0.2226511,-0.23874,-0.254192,-0.268931,-0.282874,-0.2959442,-0.308061,-0.319145,-0.329117,-0.3378979,-0.345408,-0.351567,-0.356297,-0.359517,-0.361149,-0.361112,-0.3593284,-0.355718,-0.3502,-0.342697,-0.333129,-0.3214163,-0.30747924,-0.291239,-0.272615,-0.2515292,-0.227901,-0.201652,-0.172703,-0.1409729,-0.106383,-0.068855,-0.028308,0.015336,0.062158,0.112237,0.165483,0.22135,0.27919,0.338385,0.398299,0.4583,0.51775,0.57603,0.63249,0.68651,0.73746,0.784695,0.827593,0.865519,0.8978394,0.923923,0.943138,0.954851,0.958431,0.95324,0.93866,0.91404,0.87876,0.832191,0.773689,0.70263,0.61837,0.5203,0.40776,0.28015,0.1387,-0.011146,-0.1634,-0.312058,-0.451132,-0.574626,-0.676542,-0.750886,-0.791662,-0.792874,-0.748528,-0.652627,-0.499176,-0.282179,0.004358,0.366026,0.801956,1.30609,1.87223,2.49418,3.16573,3.88069,4.63284,5.41601,6.22397,7.05054,7.8895,8.734671
34,Psap,221.332,9.6905e-47,2.7328e-42,-0.164892,-0.153589,-0.142362,-0.13128925,-0.1204474,-0.1099135,-0.0997645,-0.090077,-0.080929,-0.0723964,-0.0645567,-0.0574867,-0.0512635,-0.0459624,-0.0416067,-0.0381539,-0.0355575,-0.033771,-0.032748,-0.032442,-0.032807,-0.033796,-0.035362,-0.03746,-0.0400425,-0.0430632,-0.0464757,-0.0502336,-0.0542903,-0.05860149,-0.0631375,-0.0678753,-0.0727921,-0.0778648,-0.0830706,-0.0883866,-0.0937897,-0.0992571,-0.1047659,-0.110293,-0.1158157,-0.1213108,-0.126756,-0.132127,-0.137402,-0.142558,-0.147572,-0.152421,-0.157082,-0.161532,-0.16574857,-0.169708,-0.173388,-0.176765,-0.179817,-0.18252,-0.1848515,-0.18678889,-0.18830901,-0.1893927,-0.190043,-0.190269,-0.190083,-0.189495,-0.188516,-0.1871554,-0.1854247,-0.1833343,-0.18089471,-0.1781166,-0.17501,-0.171587,-0.167857,-0.16383,-0.159518,-0.1549302,-0.1500784,-0.144973,-0.13962338,-0.1340415,-0.1282373,-0.1222216,-0.11600488,-0.1095977,-0.1030106,-0.096254,-0.0893392,-0.0822761,-0.0750753,-0.0677477,-0.060304,-0.052754,-0.0451086,-0.0373789,-0.0295751,-0.02170784,-0.0137877,-0.0058252,0.0021691,0.0101845,0.0182105,0.0182105,0.022964,0.0278973,0.0331894,0.0390199,0.045568,0.05301392,0.0615364,0.071315,0.08253,0.09536,0.109984,0.1265826,0.145335,0.16642,0.190018,0.2163079,0.245469,0.277682,0.313124,0.351977,0.394419,0.44063,0.4907894,0.545076,0.603671,0.666752,0.734499,0.8070916,0.88470952,0.967532,1.055739,1.1495087,1.249022,1.354457,1.465995,1.5838137,1.708093,1.839014,1.976753,2.121493,2.273411,2.432686,2.599189,2.77193,2.949772,3.1315804,3.316219,3.50255,3.68944,3.87576,4.06036,4.24211,4.41987,4.592518,4.758905,4.917898,5.0683627,5.209162,5.33916,5.457222,5.562211,5.65299,5.72843,5.78738,5.82872,5.851303,5.854,5.83567,5.79518,5.7314,5.64318,5.52941,5.39097,5.233261,5.06229,4.884076,4.704614,4.529917,4.365994,4.218852,4.094498,3.998943,3.938192,3.918255,3.94514,4.024855,4.163407,4.366428,4.63353,4.9595,5.33898,5.76663,6.23709,6.745,7.28503,7.85182,8.44001,9.04425,9.6592,10.279499
35,H2-Ab1,219.058,2.9892e-46,8.4296e-42,-0.056492,-0.058942,-0.0613351,-0.06361301,-0.0657187,-0.0675947,-0.0691837,-0.070428,-0.0712706,-0.0716538,-0.0715202,-0.0708124,-0.069473,-0.0674464,-0.0647408,-0.0614437,-0.0576478,-0.053446,-0.04893,-0.044193,-0.039328,-0.034427,-0.029583,-0.0248882,-0.0204355,-0.0163174,-0.01262664,-0.0094557,-0.0068972,-0.00503259,-0.0038601,-0.0033406,-0.0034352,-0.0041046,-0.0053097,-0.0070113,-0.0091703,-0.0117476,-0.014704,-0.0180003,-0.0215975,-0.0254563,-0.029538,-0.033802,-0.038211,-0.042725,-0.047305,-0.051912,-0.056506,-0.061049,-0.06550139,-0.0698238,-0.073977,-0.077923,-0.081621,-0.085033,-0.0881188,-0.09084032,-0.09315805,-0.0950384,-0.09648,-0.097494,-0.098091,-0.098282,-0.098077,-0.0974867,-0.09652232,-0.0951943,-0.09351333,-0.0914901,-0.089135,-0.08646,-0.083474,-0.080189,-0.076615,-0.0727632,-0.0686438,-0.064268,-0.05964585,-0.0547886,-0.0497068,-0.044411,-0.03891208,-0.0332206,-0.0273474,-0.021303,-0.0150983,-0.0087438,-0.0022502,0.0043716,0.011111,0.017958,0.0249003,0.0319286,0.0390317,0.046199,0.0534198,0.0606833,0.0679789,0.075296,0.0826237,0.0826237,0.086132,0.0896787,0.0933027,0.0970425,0.100937,0.10502381,0.1093426,0.113932,0.118829,0.124074,0.129705,0.1357611,0.14228,0.149301,0.156862,0.1650016,0.173759,0.183173,0.193281,0.204123,0.215737,0.228161,0.2414348,0.255596,0.270684,0.286736,0.303792,0.3218907,0.34106968,0.361368,0.382824,0.4054772,0.429365,0.454527,0.481001,0.508826,0.53804,0.568683,0.600793,0.634407,0.669566,0.706307,0.744765,0.78534,0.828461,0.8745821,0.924142,0.97758,1.03534,1.09786,1.16559,1.23897,1.31843,1.404419,1.497381,1.597757,1.7059867,1.822513,1.947777,2.08222,2.226285,2.38041,2.54504,2.72062,2.90759,3.106382,3.317448,3.54123,3.77816,4.02869,4.29326,4.5723,4.86554,5.171081,5.48683,5.810671,6.140508,6.474231,6.809737,7.144921,7.477678,7.805903,8.127491,8.440338,8.742338,9.031386,9.305379,9.562327,9.802119,10.02615,10.23584,10.43263,10.61796,10.79326,10.95996,11.11949,11.27328,11.42278,11.56941,11.714609
36,H2-Aa,348.321,4.041e-74,1.1398e-69,-0.090142,-0.085904,-0.0817247,-0.07766276,-0.0737767,-0.0701253,-0.0667671,-0.063761,-0.0611651,-0.0590385,-0.0574398,-0.0564275,-0.0560604,-0.0563954,-0.0574292,-0.0590834,-0.0612749,-0.063921,-0.066938,-0.070243,-0.073753,-0.077385,-0.081055,-0.084682,-0.0881813,-0.0914701,-0.09446544,-0.0970842,-0.0992433,-0.10086972,-0.1019645,-0.102562,-0.1026968,-0.1024032,-0.1017158,-0.1006691,-0.0992975,-0.0976356,-0.0957177,-0.0935785,-0.0912524,-0.0887738,-0.086177,-0.083497,-0.080769,-0.078025,-0.075302,-0.072633,-0.070053,-0.067597,-0.06529803,-0.063192,-0.061313,-0.059695,-0.058373,-0.057382,-0.0567551,-0.05652783,-0.05673439,-0.0574041,-0.058537,-0.060121,-0.062145,-0.064598,-0.067468,-0.0707449,-0.0744167,-0.0784723,-0.08290026,-0.0876894,-0.092828,-0.098306,-0.104111,-0.110232,-0.116657,-0.1233766,-0.1303778,-0.13765,-0.14518156,-0.1529615,-0.1609785,-0.1692212,-0.17767833,-0.1863386,-0.1951907,-0.204223,-0.2134255,-0.2227855,-0.2322922,-0.2419344,-0.251701,-0.26158,-0.2715606,-0.2816317,-0.2917817,-0.30199947,-0.3122737,-0.322593,-0.3329462,-0.3433219,-0.353709,-0.353709,-0.294384,-0.2350241,-0.1755969,-0.1160681,-0.056404,0.00343035,0.0634677,0.123742,0.184288,0.245139,0.306329,0.3678914,0.429861,0.492271,0.555156,0.6185488,0.682484,0.746996,0.812118,0.877884,0.944328,1.011483,1.0793846,1.148066,1.21756,1.287902,1.359125,1.431264,1.50435157,1.578422,1.65351,1.7296481,1.806871,1.885213,1.964707,2.0453874,2.127288,2.210443,2.294886,2.380651,2.467772,2.556283,2.646256,2.73787,2.831333,2.9268353,3.024579,3.12476,3.22759,3.33325,3.44195,3.55389,3.66927,3.78828,3.911129,4.038012,4.1691294,4.30468,4.444864,4.58988,4.739927,4.8952,5.05591,5.22225,5.39441,5.572606,5.757026,5.94787,6.14534,6.34964,6.56096,6.7795,7.00529,7.237936,7.47701,7.722088,7.972725,8.228492,8.488956,8.753683,9.02224,9.294195,9.569113,9.846561,10.126107,10.407316,10.689756,10.973006,11.25685,11.54123,11.82611,12.11142,12.39713,12.68318,12.96952,13.25611,13.5429,13.82983,14.11687,14.403948
37,H2-Eb1,345.634,1.5365e-73,4.3335e-69,-0.090515,-0.091002,-0.0914813,-0.09194332,-0.0923803,-0.0927838,-0.0931455,-0.093457,-0.0937099,-0.0938959,-0.0940066,-0.0940336,-0.0939687,-0.0938035,-0.0935381,-0.0931821,-0.092746,-0.09224,-0.091675,-0.091061,-0.090409,-0.089729,-0.089031,-0.0883256,-0.0876237,-0.0869356,-0.08627147,-0.0856419,-0.0850572,-0.08452691,-0.0840528,-0.0836335,-0.0832674,-0.0829532,-0.0826893,-0.0824743,-0.0823066,-0.0821849,-0.0821075,-0.0820731,-0.0820802,-0.0821272,-0.082213,-0.082335,-0.082493,-0.082686,-0.08291,-0.083166,-0.083452,-0.083765,-0.08410582,-0.0844714,-0.084861,-0.085272,-0.085704,-0.086156,-0.0866254,-0.08711106,-0.08761161,-0.0881257,-0.088653,-0.089192,-0.089744,-0.090308,-0.090883,-0.09147,-0.09206786,-0.0926764,-0.09329528,-0.0939243,-0.094563,-0.095211,-0.095869,-0.096535,-0.097209,-0.0978922,-0.0985829,-0.099281,-0.09998664,-0.1006991,-0.1014181,-0.1021435,-0.1028748,-0.1036118,-0.1043542,-0.105102,-0.1058537,-0.1066102,-0.1073708,-0.1081352,-0.108903,-0.109674,-0.1104479,-0.1112243,-0.1120028,-0.11278327,-0.1135653,-0.1143486,-0.1151328,-0.1159177,-0.1167029,-0.1167029,-0.109955,-0.1030918,-0.0959991,-0.0885618,-0.080665,-0.07219379,-0.0630334,-0.053069,-0.042185,-0.030268,-0.017202,-0.0028722,0.012836,0.030038,0.048847,0.0693802,0.091751,0.116075,0.142466,0.17104,0.201911,0.235195,0.2710061,0.309459,0.350669,0.394751,0.441819,0.4919895,0.54537604,0.602094,0.662258,0.725983,0.793384,0.864576,0.939673,1.0187915,1.102045,1.189549,1.281418,1.377767,1.478711,1.584364,1.694737,1.80954,1.928456,2.0511362,2.177253,2.30647,2.43846,2.57289,2.70942,2.84772,2.98746,3.128309,3.269926,3.41198,3.5541403,3.696073,3.837444,3.977921,4.117171,4.25486,4.39066,4.52423,4.65524,4.783355,4.908247,5.02958,5.14702,5.26024,5.36889,5.47266,5.57233,5.671157,5.77274,5.880663,5.998536,6.129951,6.278503,6.447789,6.641405,6.862947,7.11601,7.404192,7.731087,8.100293,8.515405,8.979764,9.492663,10.05014,10.64814,11.28261,11.94951,12.64477,13.36434,14.10418,14.86023,15.62843,16.40474,17.185107
38,Naaa,113.278,1.4544e-23,4.1005e-19,-0.084939,-0.093597,-0.1021247,-0.11039283,-0.1182714,-0.1256306,-0.1323405,-0.138271,-0.1432934,-0.1472766,-0.1500912,-0.1516073,-0.1516951,-0.1502285,-0.1472118,-0.1428123,-0.1372073,-0.130574,-0.123091,-0.114934,-0.106281,-0.09731,-0.088197,-0.0791212,-0.0702589,-0.0617877,-0.05388506,-0.0467283,-0.0404948,-0.03534152,-0.0312733,-0.0282271,-0.0261394,-0.0249469,-0.024586,-0.0249934,-0.0261055,-0.0278591,-0.0301905,-0.0330365,-0.0363335,-0.0400182,-0.044027,-0.048297,-0.052764,-0.057364,-0.062036,-0.066714,-0.071336,-0.075838,-0.08015626,-0.0842282,-0.08799,-0.091378,-0.094329,-0.09678,-0.0986664,-0.09992573,-0.10049426,-0.1003177,-0.099395,-0.097744,-0.095384,-0.092332,-0.088606,-0.0842254,-0.07920775,-0.0735713,-0.06733421,-0.0605147,-0.053131,-0.045201,-0.036744,-0.027777,-0.018319,-0.0083869,0.0019997,0.012823,0.02406517,0.0357076,0.0477322,0.0601208,0.07285519,0.0859172,0.0992886,0.112951,0.1268867,0.1410771,0.1555041,0.1701495,0.184995,0.200023,0.215214,0.230551,0.2460153,0.2615889,0.2772535,0.2929908,0.3087828,0.3246112,0.3404577,0.3404577,0.287676,0.2351212,0.1830196,0.1315979,0.081083,0.03170106,-0.0163208,-0.062756,-0.107378,-0.149961,-0.190276,-0.2280989,-0.263202,-0.295358,-0.324341,-0.3499245,-0.371881,-0.389985,-0.404009,-0.413727,-0.418912,-0.419337,-0.4147758,-0.405002,-0.389788,-0.368908,-0.342134,-0.3092417,-0.27000274,-0.224191,-0.171579,-0.1119419,-0.045051,0.029318,0.111395,0.2014035,0.299572,0.406126,0.521294,0.6453,0.778373,0.920738,1.072327,1.23226,1.399515,1.5730713,1.751908,1.935,2.12134,2.30989,2.49964,2.68957,2.87865,3.065865,3.250194,3.430615,3.6061083,3.775652,3.938225,4.092808,4.238378,4.37392,4.4984,4.61081,4.71012,4.795321,4.865381,4.91928,4.95601,4.97453,4.97383,4.9529,4.91301,4.860502,4.80241,4.745782,4.697641,4.665027,4.654977,4.674525,4.730708,4.830562,4.981122,5.189424,5.462504,5.807397,6.23114,6.7403,7.333978,8.00529,8.74717,9.55257,10.41442,11.32568,12.27928,13.26817,14.28529,15.32357,16.37598,17.435439
39,Cd74,320.935,3.2959e-68,9.2955e-64,-0.108782,-0.102603,-0.0965042,-0.09056381,-0.0848615,-0.0794765,-0.0744883,-0.069976,-0.0660196,-0.0626977,-0.06009,-0.0582759,-0.0573346,-0.0573432,-0.0582988,-0.0600985,-0.0626333,-0.065794,-0.069472,-0.073557,-0.077942,-0.082516,-0.08717,-0.0917964,-0.096285,-0.100527,-0.10441337,-0.1078349,-0.1106827,-0.11286035,-0.1143664,-0.115242,-0.1155281,-0.1152661,-0.1144972,-0.1132624,-0.111603,-0.1095603,-0.1071753,-0.1044893,-0.1015435,-0.0983792,-0.095037,-0.091559,-0.087986,-0.084359,-0.08072,-0.077109,-0.073568,-0.070137,-0.06685904,-0.0637742,-0.060924,-0.058349,-0.056092,-0.054192,-0.0526919,-0.05163211,-0.05105406,-0.0509929,-0.051449,-0.052409,-0.053861,-0.055792,-0.058189,-0.061041,-0.06433392,-0.0680555,-0.07219323,-0.0767344,-0.081667,-0.086977,-0.092653,-0.098682,-0.105052,-0.111749,-0.1187616,-0.126077,-0.13368216,-0.1415648,-0.1497123,-0.1581119,-0.16675118,-0.1756174,-0.1846979,-0.19398,-0.2034517,-0.2130997,-0.2229116,-0.2328748,-0.242977,-0.253205,-0.2635462,-0.2739885,-0.2845191,-0.29512543,-0.3057948,-0.3165145,-0.3272721,-0.3380549,-0.3488504,-0.3488504,-0.250559,-0.1523223,-0.0541967,0.0437627,0.141501,0.2389619,0.3360908,0.432832,0.529131,0.624931,0.720177,0.8148145,0.908787,1.002041,1.094519,1.186166,1.276928,1.366748,1.455571,1.543343,1.630007,1.715509,1.7997922,1.882802,1.964483,2.04478,2.123637,2.2009996,2.27681161,2.351018,2.423563,2.4943919,2.563449,2.630679,2.696026,2.7594354,2.820852,2.880219,2.937482,2.992586,3.045476,3.096095,3.144496,3.19102,3.236071,3.2800382,3.323319,3.36631,3.4094,3.453,3.49749,3.54327,3.59075,3.6403,3.692335,3.747244,3.8054243,3.867271,3.93318,4.003546,4.078766,4.15924,4.24535,4.33751,4.4361,4.541521,4.654173,4.77445,4.90274,5.03945,5.18497,5.3397,5.50445,5.680979,5.87115,6.076844,6.299933,6.542292,6.805795,7.092318,7.403733,7.741917,8.108743,8.506085,8.935819,9.399818,9.899958,10.437947,11.01287,11.6217,12.26136,12.92877,13.62083,14.33448,15.06662,15.81418,16.57407,17.3432,18.1185,18.896888
