,Gene,StatisticsValue,P-value,Adj P-value,Group1_PT_1,Group1_PT_0.99,Group1_PT_0.98,Group1_PT_0.97,Group1_PT_0.96,Group1_PT_0.95,Group1_PT_0.94,Group1_PT_0.93,Group1_PT_0.92,Group1_PT_0.91,Group1_PT_0.9,Group1_PT_0.89,Group1_PT_0.88,Group1_PT_0.87,Group1_PT_0.86,Group1_PT_0.85,Group1_PT_0.84,Group1_PT_0.83,Group1_PT_0.82,Group1_PT_0.81,Group1_PT_0.8,Group1_PT_0.79,Group1_PT_0.78,Group1_PT_0.77,Group1_PT_0.76,Group1_PT_0.75,Group1_PT_0.74,Group1_PT_0.73,Group1_PT_0.72,Group1_PT_0.71,Group1_PT_0.7,Group1_PT_0.69,Group1_PT_0.68,Group1_PT_0.67,Group1_PT_0.66,Group1_PT_0.65,Group1_PT_0.64,Group1_PT_0.63,Group1_PT_0.62,Group1_PT_0.61,Group1_PT_0.6,Group1_PT_0.59,Group1_PT_0.58,Group1_PT_0.57,Group1_PT_0.56,Group1_PT_0.55,Group1_PT_0.54,Group1_PT_0.53,Group1_PT_0.52,Group1_PT_0.51,Group1_PT_0.5,Group1_PT_0.49,Group1_PT_0.48,Group1_PT_0.47,Group1_PT_0.46,Group1_PT_0.45,Group1_PT_0.44,Group1_PT_0.43,Group1_PT_0.42,Group1_PT_0.41,Group1_PT_0.4,Group1_PT_0.39,Group1_PT_0.38,Group1_PT_0.37,Group1_PT_0.36,Group1_PT_0.35,Group1_PT_0.34,Group1_PT_0.33,Group1_PT_0.32,Group1_PT_0.31,Group1_PT_0.3,Group1_PT_0.29,Group1_PT_0.28,Group1_PT_0.27,Group1_PT_0.26,Group1_PT_0.25,Group1_PT_0.24,Group1_PT_0.23,Group1_PT_0.22,Group1_PT_0.21,Group1_PT_0.2,Group1_PT_0.19,Group1_PT_0.18,Group1_PT_0.17,Group1_PT_0.16,Group1_PT_0.15,Group1_PT_0.14,Group1_PT_0.13,Group1_PT_0.12,Group1_PT_0.11,Group1_PT_0.1,Group1_PT_0.09,Group1_PT_0.08,Group1_PT_0.07,Group1_PT_0.06,Group1_PT_0.05,Group1_PT_0.04,Group1_PT_0.03,Group1_PT_0.02,Group1_PT_0.01,Group1_PT_0,Group14_PT_0,Group14_PT_0.01,Group14_PT_0.02,Group14_PT_0.03,Group14_PT_0.04,Group14_PT_0.05,Group14_PT_0.06,Group14_PT_0.07,Group14_PT_0.08,Group14_PT_0.09,Group14_PT_0.1,Group14_PT_0.11,Group14_PT_0.12,Group14_PT_0.13,Group14_PT_0.14,Group14_PT_0.15,Group14_PT_0.16,Group14_PT_0.17,Group14_PT_0.18,Group14_PT_0.19,Group14_PT_0.2,Group14_PT_0.21,Group14_PT_0.22,Group14_PT_0.23,Group14_PT_0.24,Group14_PT_0.25,Group14_PT_0.26,Group14_PT_0.27,Group14_PT_0.28,Group14_PT_0.29,Group14_PT_0.3,Group14_PT_0.31,Group14_PT_0.32,Group14_PT_0.33,Group14_PT_0.34,Group14_PT_0.35,Group14_PT_0.36,Group14_PT_0.37,Group14_PT_0.38,Group14_PT_0.39,Group14_PT_0.4,Group14_PT_0.41,Group14_PT_0.42,Group14_PT_0.43,Group14_PT_0.44,Group14_PT_0.45,Group14_PT_0.46,Group14_PT_0.47,Group14_PT_0.48,Group14_PT_0.49,Group14_PT_0.5,Group14_PT_0.51,Group14_PT_0.52,Group14_PT_0.53,Group14_PT_0.54,Group14_PT_0.55,Group14_PT_0.56,Group14_PT_0.57,Group14_PT_0.58,Group14_PT_0.59,Group14_PT_0.6,Group14_PT_0.61,Group14_PT_0.62,Group14_PT_0.63,Group14_PT_0.64,Group14_PT_0.65,Group14_PT_0.66,Group14_PT_0.67,Group14_PT_0.68,Group14_PT_0.69,Group14_PT_0.7,Group14_PT_0.71,Group14_PT_0.72,Group14_PT_0.73,Group14_PT_0.74,Group14_PT_0.75,Group14_PT_0.76,Group14_PT_0.77,Group14_PT_0.78,Group14_PT_0.79,Group14_PT_0.8,Group14_PT_0.81,Group14_PT_0.82,Group14_PT_0.83,Group14_PT_0.84,Group14_PT_0.85,Group14_PT_0.86,Group14_PT_0.87,Group14_PT_0.88,Group14_PT_0.89,Group14_PT_0.9,Group14_PT_0.91,Group14_PT_0.92,Group14_PT_0.93,Group14_PT_0.94,Group14_PT_0.95,Group14_PT_0.96,Group14_PT_0.97,Group14_PT_0.98,Group14_PT_0.99,Group14_PT_1
0,Ctla2a,32.816,1.303e-06,0.03672,1.031293,1.032608,1.033927,1.0352538,1.0365922,1.037946,1.0393188,1.0407149,1.0421378,1.043591,1.04508,1.046607,1.048176,1.0497907,1.0514559,1.0531749,1.0549516,1.0567898,1.0586934,1.0606662,1.062712,1.064835,1.067038,1.069326,1.071703,1.074172,1.076737,1.079401,1.08217,1.085047,1.088035,1.091132,1.094299,1.097473,1.100595,1.103605,1.106441,1.1090441,1.11135351,1.1133089,1.1148498,1.115916,1.116447,1.116383,1.115663,1.114226,1.1120134,1.1089637,1.105017,1.100112,1.09419,1.087189,1.07905,1.069711,1.059114,1.047196,1.033899,1.019161,1.002923,0.985123,0.965702,0.944599,0.9217539,0.897106,0.870596,0.842168,0.811916,0.78009728,0.7469767,0.712819,0.67789,0.642454,0.606776,0.571122,0.535756,0.500943,0.46695,0.434038,0.402475,0.372526,0.344455,0.318528,0.295009,0.274164,0.256243,0.2412579,0.2290307,0.219378,0.212115,0.207058,0.204024,0.2028278,0.203287,0.205217,0.2084335,0.212753,0.217993,0.223967,0.230494,0.237388,0.2444656,0.2444656,0.250953,0.2573352,0.263507,0.269362,0.274796,0.2797026,0.2839772,0.287514,0.290208,0.291954,0.2926455,0.292178,0.290446,0.2873445,0.2827675,0.2766098,0.26876914,0.2592507,0.2481933,0.2357442,0.222051,0.2072601,0.1915197,0.1749766,0.157778,0.140072,0.1220041,0.103723,0.085376,0.067109,0.049071,0.031408,0.014268,-0.002202,-0.0178549,-0.032548,-0.046231,-0.058936,-0.070699,-0.081558,-0.091549,-0.100707,-0.109069,-0.116671,-0.12355,-0.129742,-0.135283,-0.140209,-0.1445569,-0.1483628,-0.151663,-0.154494,-0.156891,-0.1588918,-0.160532,-0.161848,-0.162875,-0.163651,-0.164212,-0.164593,-0.164831,-0.164963,-0.16502,-0.165052,-0.16508,-0.16515,-0.16529,-0.16555,-0.16595,-0.16653,-0.16733,-0.16832,-0.16952,-0.1709,-0.17247,-0.17421,-0.17612,-0.17819,-0.18042,-0.18279,-0.1853,-0.18795,-0.19073,-0.19362,-0.19663,-0.19974,-0.20295,-0.20626,-0.20964,-0.21311,-0.21664,-0.22024,-0.22389,-0.22759,-0.23134,-0.23512,-0.238929,-0.242758,-0.2466,-0.25045
1,Dntt,165.434,9.9848e-35,2.8157e-30,-0.318288,-0.307117,-0.29597,-0.2848693,-0.2738378,-0.262899,-0.2520753,-0.2413906,-0.2308678,-0.22053,-0.2104,-0.200502,-0.190858,-0.1814911,-0.1724251,-0.1636828,-0.1552874,-0.147262,-0.1396297,-0.1324136,-0.125637,-0.119323,-0.113494,-0.108174,-0.103386,-0.099153,-0.095498,-0.092444,-0.090015,-0.088233,-0.087121,-0.086697,-0.086929,-0.087765,-0.08915,-0.091031,-0.0933558,-0.0960701,-0.09912086,-0.1024547,-0.1060183,-0.109758,-0.113622,-0.117555,-0.121504,-0.125417,-0.1292397,-0.1329189,-0.136401,-0.139633,-0.142562,-0.145134,-0.147296,-0.148995,-0.150177,-0.150788,-0.150777,-0.150088,-0.14867,-0.146468,-0.14343,-0.1395018,-0.1346301,-0.128762,-0.121844,-0.113826,-0.1047747,-0.09487771,-0.0843308,-0.073329,-0.062069,-0.050745,-0.039552,-0.028687,-0.018344,-0.0087189,-7.1245e-06,0.007596,0.013895,0.018695,0.0218,0.023014,0.022143,0.018991,0.013374,0.0052933,-0.0051009,-0.017654,-0.032213,-0.048622,-0.066729,-0.0863771,-0.107414,-0.129684,-0.1530345,-0.17731,-0.202357,-0.228021,-0.254147,-0.280582,-0.3071716,-0.3071716,0.025379,0.3559287,0.682477,1.003024,1.315567,1.618108,1.9086446,2.185176,2.445703,2.688224,2.9107378,3.111245,3.287743,3.4382335,3.5607143,3.6531853,3.71369961,3.7422182,3.7410744,3.7127502,3.659727,3.5844877,3.4895131,3.3772854,3.250286,3.110998,2.9619018,2.80548,2.644214,2.480586,2.317078,2.156172,2.000349,1.8520908,1.7138801,1.5881221,1.47572,1.376203,1.289049,1.213735,1.14974,1.096542,1.053618,1.020447,0.996506,0.981273,0.974227,0.974845,0.982605,0.9969851,1.017463,1.043518,1.074626,1.1102657,1.149916,1.193053,1.239157,1.287703,1.338172,1.39004,1.442786,1.495887,1.54882,1.601066,1.6521,1.7014,1.74845,1.79272,1.83369,1.87084,1.90384,1.93278,1.95779,1.97902,1.9966,2.01068,2.0214,2.02889,2.0333,2.03477,2.03343,2.02943,2.02291,2.014,2.00285,1.9896,1.97439,1.95735,1.93864,1.91838,1.89672,1.8738,1.84976,1.82473,1.79887,1.772302,1.745176,1.717629,1.6898,1.66184
2,Crip1,98.436,2.1172e-20,5.9697e-16,0.019182,0.015785,0.012387,0.0089848,0.0055781,0.002165,-0.0012562,-0.0046872,-0.0081294,-0.011585,-0.015054,-0.01854,-0.022044,-0.0255671,-0.0291113,-0.0326781,-0.0362692,-0.0398861,-0.0435306,-0.0472042,-0.050909,-0.054645,-0.058416,-0.062222,-0.066066,-0.069948,-0.07387,-0.077835,-0.081844,-0.085897,-0.089998,-0.094146,-0.098326,-0.102521,-0.10671,-0.110874,-0.1149937,-0.1190489,-0.12302036,-0.1268886,-0.1306342,-0.134237,-0.137679,-0.140939,-0.143999,-0.146838,-0.1494368,-0.1517767,-0.153838,-0.1556,-0.157045,-0.158152,-0.158902,-0.159275,-0.159253,-0.158815,-0.157942,-0.156614,-0.154813,-0.152517,-0.149709,-0.1463678,-0.1424744,-0.138009,-0.132953,-0.127288,-0.1210533,-0.11434902,-0.1072787,-0.099946,-0.092454,-0.084906,-0.077406,-0.070057,-0.062963,-0.0562265,-0.049952,-0.044242,-0.039201,-0.034932,-0.031538,-0.029123,-0.027791,-0.027644,-0.02878,-0.0311988,-0.0348231,-0.039572,-0.045365,-0.052123,-0.059764,-0.0682084,-0.077376,-0.087186,-0.0975585,-0.108413,-0.119669,-0.131247,-0.143066,-0.155045,-0.1671044,-0.1671044,-0.146638,-0.1258341,-0.104354,-0.08186,-0.058015,-0.0324792,-0.0049161,0.025013,0.057645,0.093319,0.1323723,0.175143,0.221969,0.273189,0.3291399,0.39016,0.45657687,0.5283472,0.6049668,0.6859027,0.770622,0.8585908,0.949277,1.0421472,1.136668,1.232307,1.3285312,1.424807,1.520601,1.615381,1.708614,1.799766,1.888304,1.9736963,2.0554087,2.1329242,2.206038,2.27483,2.339392,2.399815,2.456191,2.508609,2.557163,2.601941,2.643037,2.68054,2.714543,2.745136,2.7724099,2.7964566,2.817367,2.835232,2.850144,2.8621924,2.871469,2.878066,2.882073,2.883581,2.882683,2.879469,2.87403,2.866458,2.85684,2.845276,2.83185,2.81665,2.79978,2.78132,2.76137,2.74001,2.71732,2.69335,2.66815,2.64176,2.61423,2.58559,2.55589,2.52517,2.49349,2.46088,2.42739,2.39306,2.35794,2.32206,2.28549,2.24825,2.21039,2.17196,2.133,2.09355,2.05367,2.01338,1.97275,1.9318,1.8906,1.849166,1.80756,1.765821,1.72399,1.68212
3,Pax5,46.844,1.6436e-09,4.6328e-05,-0.061002,-0.064037,-0.067063,-0.0700733,-0.0730592,-0.076013,-0.0789255,-0.0817898,-0.0845973,-0.08734,-0.09001,-0.092598,-0.095098,-0.0974999,-0.0997967,-0.10198,-0.1040416,-0.1059736,-0.1077677,-0.1094159,-0.11091,-0.112242,-0.113404,-0.114387,-0.115184,-0.115787,-0.116186,-0.116375,-0.116345,-0.116088,-0.115596,-0.114863,-0.113903,-0.112736,-0.111385,-0.109871,-0.1082165,-0.1064423,-0.10457043,-0.1026226,-0.1006203,-0.098585,-0.09654,-0.094505,-0.092502,-0.090553,-0.0886803,-0.0869048,-0.085248,-0.083733,-0.08238,-0.081211,-0.080248,-0.079512,-0.079025,-0.07881,-0.078887,-0.079278,-0.080005,-0.08109,-0.082554,-0.0844183,-0.0867058,-0.089437,-0.092635,-0.096318,-0.1004397,-0.10488147,-0.1095213,-0.114237,-0.118906,-0.123407,-0.127618,-0.131416,-0.134679,-0.137285,-0.13911,-0.140038,-0.13994,-0.138697,-0.136187,-0.132286,-0.126874,-0.119828,-0.111033,-0.1004976,-0.0883276,-0.074632,-0.05952,-0.0431,-0.025482,-0.0067738,0.012915,0.033475,0.0547986,0.076776,0.099298,0.122255,0.14554,0.169042,0.192654,0.192654,0.156542,0.1209758,0.086503,0.05367,0.023022,-0.0048929,-0.029529,-0.05034,-0.066778,-0.078299,-0.0843543,-0.084398,-0.077885,-0.0642667,-0.0429978,-0.0135316,0.02466479,0.0716426,0.126854,0.1897137,0.259636,0.336037,0.41833,0.5059303,0.598253,0.694711,0.7947218,0.897698,1.003056,1.110209,1.218572,1.32756,1.436588,1.5450708,1.6524226,1.7580693,1.861654,1.963019,2.062014,2.158489,2.252292,2.343273,2.431282,2.516168,2.59778,2.675969,2.750583,2.821473,2.8884869,2.951475,3.010287,3.064771,3.114778,3.1601574,3.200758,3.236429,3.267021,3.292383,3.312364,3.326814,3.335582,3.338518,3.33547,3.326291,3.31083,3.28893,3.26045,3.22523,3.18312,3.13398,3.07777,3.01469,2.94497,2.86886,2.78659,2.6984,2.60453,2.50521,2.40067,2.29116,2.17692,2.05817,1.93516,1.80813,1.6773,1.54292,1.40523,1.26445,1.12084,0.97462,0.82602,0.6753,0.52269,0.36841,0.21271,0.055833,-0.101996,-0.260535,-0.41955,-0.5788
4,Parp1,35.56,3.5632e-07,0.010043,-0.084322,-0.089427,-0.09453,-0.0996301,-0.104727,-0.109819,-0.1149049,-0.1199834,-0.1250533,-0.130113,-0.135162,-0.140199,-0.145223,-0.1502312,-0.1552239,-0.1601994,-0.1651565,-0.170094,-0.1750107,-0.1799053,-0.184777,-0.189623,-0.194444,-0.199238,-0.204004,-0.208741,-0.213447,-0.21812,-0.222761,-0.227368,-0.231939,-0.236471,-0.240954,-0.245369,-0.249701,-0.253931,-0.2580444,-0.2620231,-0.26585051,-0.2695099,-0.2729845,-0.276258,-0.279312,-0.282131,-0.284698,-0.286997,-0.2890093,-0.2907194,-0.29211,-0.293165,-0.293867,-0.294198,-0.294144,-0.293686,-0.292808,-0.291492,-0.289723,-0.287484,-0.284757,-0.281525,-0.277773,-0.2734826,-0.2686377,-0.263221,-0.257216,-0.250609,-0.243449,-0.23585735,-0.2279585,-0.219877,-0.211737,-0.203663,-0.19578,-0.188212,-0.181083,-0.1745178,-0.16864,-0.163577,-0.159451,-0.156386,-0.154507,-0.153939,-0.154806,-0.157232,-0.161334,-0.1671089,-0.1744533,-0.183263,-0.193433,-0.20486,-0.217437,-0.2310618,-0.245628,-0.261032,-0.2771682,-0.293933,-0.31122,-0.328927,-0.346947,-0.365177,-0.3835109,-0.3835109,-0.343161,-0.303044,-0.263395,-0.224447,-0.186434,-0.14959,-0.1141483,-0.080343,-0.048407,-0.018575,0.0089195,0.033843,0.055961,0.0750413,0.0908489,0.1031503,0.1117208,0.1166518,0.1184278,0.117558,0.114552,0.1099176,0.1041655,0.0978042,0.091343,0.085291,0.0801573,0.076451,0.074682,0.075359,0.07899,0.086086,0.097155,0.1127074,0.1332511,0.1592733,0.190818,0.227524,0.269016,0.314918,0.364853,0.418447,0.475322,0.535102,0.597413,0.661878,0.728121,0.795767,0.864438,0.9337597,1.003356,1.07285,1.141867,1.2100303,1.276964,1.342293,1.40564,1.46663,1.524887,1.580034,1.631697,1.679498,1.72306,1.762014,1.79598,1.82457,1.84743,1.86417,1.87442,1.8778,1.87412,1.86355,1.84634,1.82273,1.79295,1.75725,1.71584,1.66899,1.61691,1.55985,1.49805,1.43174,1.36116,1.28655,1.20814,1.12618,1.04089,0.95252,0.8613,0.76748,0.67128,0.57295,0.47272,0.37083,0.26751,0.163011,0.057562,-0.048599,-0.15523,-0.26211
5,Ccnd3,65.697,1.8354e-13,5.1743e-09,-0.499328,-0.480025,-0.460766,-0.4415956,-0.4225566,-0.403693,-0.3850498,-0.3666699,-0.3485976,-0.330877,-0.313552,-0.296666,-0.280263,-0.264388,-0.249084,-0.2343952,-0.2203655,-0.2070389,-0.1944593,-0.1826706,-0.171717,-0.161642,-0.15249,-0.144304,-0.137129,-0.131009,-0.125987,-0.122108,-0.119415,-0.117953,-0.117765,-0.118885,-0.121272,-0.124848,-0.129537,-0.135262,-0.1419469,-0.1495136,-0.15788581,-0.1669866,-0.1767391,-0.187066,-0.197892,-0.209138,-0.220729,-0.232587,-0.2446356,-0.2567979,-0.268997,-0.281156,-0.293198,-0.305046,-0.316624,-0.327854,-0.33866,-0.348964,-0.358691,-0.367762,-0.376102,-0.383632,-0.390278,-0.3959604,-0.4006039,-0.404131,-0.406465,-0.407533,-0.4073483,-0.40602144,-0.4036676,-0.400402,-0.396339,-0.391596,-0.386285,-0.380524,-0.374426,-0.3681074,-0.36168,-0.355268,-0.348977,-0.342926,-0.33723,-0.332004,-0.327363,-0.323422,-0.320291,-0.3179907,-0.3164715,-0.315681,-0.315567,-0.316079,-0.317162,-0.3187667,-0.32084,-0.323329,-0.3261829,-0.329349,-0.332776,-0.33641,-0.340201,-0.344096,-0.3480432,-0.3480432,-0.350731,-0.353376,-0.355938,-0.358374,-0.360643,-0.3627025,-0.364511,-0.366027,-0.367207,-0.368012,-0.3683975,-0.368323,-0.367746,-0.3666255,-0.364919,-0.3625847,-0.35957882,-0.3557832,-0.3509874,-0.3449755,-0.337531,-0.3284384,-0.317481,-0.3044429,-0.289108,-0.27126,-0.2506833,-0.227161,-0.200478,-0.170417,-0.136762,-0.099298,-0.057808,-0.0120766,0.0381133,0.0929628,0.152387,0.216039,0.283561,0.354597,0.428789,0.505782,0.585217,0.666739,0.74999,0.834613,0.920251,1.006548,1.0931473,1.1796909,1.265822,1.351185,1.435421,1.5181753,1.59909,1.677807,1.753971,1.827225,1.897212,1.963574,2.025956,2.084,2.13735,2.185646,2.22853,2.26566,2.29666,2.32118,2.33887,2.34936,2.35248,2.34842,2.33744,2.31977,2.29567,2.26539,2.22916,2.18724,2.13988,2.08733,2.02982,1.96761,1.90095,1.83008,1.75526,1.67672,1.59471,1.50949,1.4213,1.33039,1.23701,1.14139,1.0438,0.94447,0.84366,0.741617,0.63858,0.534801,0.43053,0.326
6,Hmgb1,46.994,1.529e-09,4.3098e-05,-0.089337,-0.095251,-0.101158,-0.1070524,-0.1129267,-0.118775,-0.1245896,-0.1303651,-0.1360944,-0.141771,-0.147389,-0.15294,-0.158419,-0.1638193,-0.1691337,-0.174356,-0.1794794,-0.1844975,-0.1894037,-0.1941912,-0.198854,-0.203384,-0.207777,-0.212024,-0.21612,-0.220058,-0.223832,-0.227434,-0.230858,-0.234098,-0.237147,-0.239999,-0.242655,-0.24512,-0.247397,-0.24949,-0.251404,-0.253142,-0.2547084,-0.2561072,-0.2573425,-0.258418,-0.259338,-0.260107,-0.260729,-0.261206,-0.261545,-0.2617481,-0.26182,-0.261765,-0.261586,-0.261288,-0.260875,-0.26035,-0.259719,-0.258984,-0.25815,-0.257221,-0.256201,-0.255094,-0.253904,-0.2526354,-0.2512915,-0.249877,-0.248395,-0.24685,-0.2452412,-0.24356071,-0.2418017,-0.239957,-0.238019,-0.23598,-0.233835,-0.231574,-0.229191,-0.2266787,-0.22403,-0.221237,-0.218294,-0.215191,-0.211924,-0.208483,-0.204863,-0.201055,-0.197053,-0.1928603,-0.1884892,-0.183951,-0.179258,-0.174423,-0.169456,-0.1643695,-0.159176,-0.153888,-0.1485154,-0.143072,-0.137569,-0.132018,-0.126431,-0.120821,-0.1151984,-0.1151984,-0.150502,-0.1854311,-0.219613,-0.252674,-0.28424,-0.3139381,-0.3413937,-0.366234,-0.388084,-0.406571,-0.4213209,-0.43196,-0.438116,-0.4394127,-0.4354782,-0.4259384,-0.41042908,-0.3889279,-0.361837,-0.3295852,-0.292601,-0.2513141,-0.2061525,-0.1575452,-0.105921,-0.051709,0.0046629,0.062765,0.122169,0.182445,0.243166,0.303902,0.364224,0.4237042,0.4819131,0.5384336,0.593077,0.645862,0.696816,0.745967,0.793343,0.838969,0.882874,0.925086,0.96563,1.004535,1.041828,1.077536,1.1116865,1.1443068,1.175424,1.205066,1.23326,1.2600324,1.285411,1.309424,1.332098,1.35346,1.373537,1.392357,1.409948,1.426336,1.44155,1.455614,1.46856,1.48041,1.49119,1.50094,1.50968,1.51743,1.52422,1.5301,1.53508,1.53919,1.54249,1.54498,1.54671,1.54771,1.54801,1.54763,1.54662,1.54501,1.54282,1.54009,1.53685,1.53313,1.52897,1.52439,1.51943,1.51412,1.50849,1.50258,1.49641,1.49001,1.48343,1.476682,1.469811,1.462843,1.45581,1.44875
7,Ucp2,42.758,1.1619e-08,0.00032748,-0.326543,-0.325251,-0.323963,-0.3226833,-0.3214174,-0.320169,-0.3189437,-0.3177447,-0.316577,-0.315445,-0.314353,-0.313306,-0.312308,-0.3113636,-0.3104772,-0.3096533,-0.3088963,-0.3082108,-0.3076012,-0.3070719,-0.306627,-0.306272,-0.306011,-0.305848,-0.305787,-0.305834,-0.305992,-0.306266,-0.306661,-0.307181,-0.30783,-0.308612,-0.309517,-0.310533,-0.311644,-0.312837,-0.3140983,-0.3154135,-0.31676861,-0.3181498,-0.3195431,-0.320935,-0.32231,-0.323656,-0.324958,-0.326202,-0.327375,-0.328462,-0.329449,-0.330323,-0.331069,-0.331674,-0.332123,-0.332403,-0.3325,-0.332399,-0.332086,-0.331549,-0.330772,-0.329742,-0.328444,-0.3268657,-0.3249921,-0.322809,-0.320304,-0.317462,-0.3142924,-0.31082917,-0.3071062,-0.303158,-0.299019,-0.294723,-0.290306,-0.2858,-0.281241,-0.2766638,-0.2721,-0.267589,-0.263161,-0.258851,-0.254695,-0.250726,-0.246979,-0.243487,-0.240285,-0.2373764,-0.2347434,-0.232368,-0.230231,-0.228315,-0.226602,-0.2250719,-0.223708,-0.22249,-0.2214018,-0.220424,-0.219537,-0.218724,-0.217967,-0.217246,-0.2165436,-0.2165436,-0.221829,-0.2269339,-0.231679,-0.235885,-0.23937,-0.2419557,-0.2434617,-0.243708,-0.242514,-0.239701,-0.2350884,-0.228496,-0.219744,-0.2086527,-0.1950417,-0.1787314,-0.15954759,-0.1375266,-0.112966,-0.08618,-0.057483,-0.0271877,0.0043904,0.0369378,0.07014,0.103684,0.1372548,0.170539,0.203221,0.234989,0.265527,0.294523,0.321661,0.3466276,0.3691089,0.3888029,0.405646,0.419793,0.431406,0.440649,0.447684,0.452673,0.455779,0.457166,0.456995,0.455429,0.452632,0.448766,0.4439931,0.4384766,0.432379,0.425863,0.419092,0.4122274,0.405433,0.398871,0.392704,0.387095,0.382207,0.378202,0.375243,0.373493,0.37311,0.37427,0.37712,0.38183,0.38857,0.39749,0.40875,0.42253,0.43891,0.45782,0.47918,0.50289,0.52888,0.55705,0.58732,0.61959,0.65379,0.68983,0.72761,0.76705,0.80806,0.85056,0.89446,0.93966,0.98609,1.03366,1.08227,1.13184,1.18229,1.23353,1.28546,1.33801,1.39107,1.44458,1.498435,1.552553,1.60684,1.66122
8,Dck,33.47,9.572e-07,0.026977,-0.237714,-0.239158,-0.240601,-0.242042,-0.2434788,-0.244911,-0.2463365,-0.2477548,-0.2491645,-0.250564,-0.251953,-0.253329,-0.254692,-0.2560403,-0.2573723,-0.2586871,-0.2599833,-0.2612598,-0.2625153,-0.2637486,-0.264958,-0.266144,-0.267303,-0.268435,-0.269539,-0.270613,-0.271656,-0.272668,-0.273646,-0.274589,-0.275497,-0.276367,-0.2772,-0.277993,-0.278747,-0.279459,-0.2801293,-0.2807563,-0.28133907,-0.2818767,-0.2823681,-0.282812,-0.283208,-0.283555,-0.283851,-0.284096,-0.2842889,-0.2844283,-0.284513,-0.284543,-0.284516,-0.284432,-0.284289,-0.284087,-0.283825,-0.283501,-0.283114,-0.282664,-0.28215,-0.28157,-0.280923,-0.2802089,-0.279426,-0.278574,-0.27765,-0.276656,-0.2755953,-0.27448132,-0.2733267,-0.272144,-0.270946,-0.269746,-0.268557,-0.26739,-0.26626,-0.2651779,-0.26416,-0.263212,-0.262353,-0.261594,-0.260948,-0.260427,-0.260044,-0.259812,-0.259744,-0.2598376,-0.2600846,-0.260474,-0.260997,-0.261641,-0.262398,-0.2632569,-0.264207,-0.265239,-0.2663429,-0.267507,-0.268723,-0.269979,-0.271266,-0.272574,-0.2738913,-0.2738913,-0.270788,-0.267708,-0.264673,-0.261705,-0.258826,-0.2560606,-0.2534296,-0.250956,-0.248662,-0.24657,-0.2447034,-0.243084,-0.241734,-0.2406755,-0.2399321,-0.2395258,-0.23947771,-0.2397654,-0.2403117,-0.2410362,-0.241858,-0.2426978,-0.243474,-0.2441064,-0.244515,-0.244618,-0.2443367,-0.24359,-0.242296,-0.240376,-0.23775,-0.234335,-0.230053,-0.2248219,-0.2185621,-0.2111954,-0.202695,-0.193079,-0.18237,-0.170588,-0.157753,-0.143888,-0.129012,-0.113148,-0.096315,-0.078534,-0.059828,-0.040216,-0.0197189,0.0016414,0.023844,0.046869,0.070694,0.0952998,0.120664,0.146766,0.173585,0.201101,0.229291,0.258136,0.287614,0.317705,0.34839,0.379639,0.41144,0.44377,0.47661,0.50994,0.54373,0.57796,0.61262,0.6477,0.68317,0.71902,0.75524,0.79182,0.82873,0.86598,0.90353,0.94138,0.97952,1.01792,1.05658,1.09548,1.13461,1.17395,1.21349,1.25322,1.29311,1.33316,1.37335,1.41367,1.4541,1.49464,1.53525,1.575941,1.616685,1.657473,1.69829,1.73912
9,Ptma,63.57,5.1483e-13,1.4514e-08,-0.120114,-0.118888,-0.117663,-0.1164411,-0.1152244,-0.114014,-0.112812,-0.1116196,-0.1104385,-0.10927,-0.108117,-0.106979,-0.105859,-0.1047592,-0.1036799,-0.1026233,-0.1015909,-0.1005845,-0.0996055,-0.0986556,-0.097736,-0.09685,-0.095997,-0.095179,-0.094399,-0.093658,-0.092957,-0.092298,-0.091683,-0.091113,-0.09059,-0.090114,-0.089672,-0.089244,-0.08881,-0.088353,-0.0878526,-0.0872894,-0.08664425,-0.085898,-0.0850313,-0.084025,-0.08286,-0.081517,-0.079976,-0.078218,-0.0762252,-0.0739768,-0.071454,-0.068638,-0.065508,-0.062047,-0.058234,-0.05405,-0.049477,-0.044494,-0.039083,-0.033224,-0.026898,-0.020087,-0.012769,-0.0049275,0.0034584,0.012407,0.021939,0.032071,0.0427876,0.05403718,0.0657656,0.077919,0.090443,0.103283,0.116387,0.129699,0.143166,0.1567336,0.17035,0.183955,0.197501,0.210932,0.224193,0.237231,0.249992,0.262421,0.274468,0.2861225,0.2974079,0.308349,0.318971,0.329297,0.339353,0.3491628,0.358752,0.368143,0.3773633,0.386436,0.395385,0.404236,0.413013,0.421741,0.4304446,0.4304446,0.350607,0.2713835,0.193389,0.117238,0.043545,-0.0270761,-0.0940104,-0.156643,-0.214361,-0.266548,-0.3125912,-0.351875,-0.383786,-0.4077081,-0.4230283,-0.4291318,-0.42542034,-0.4118739,-0.3891914,-0.3581165,-0.319393,-0.2737649,-0.2219757,-0.1647694,-0.10289,-0.037081,0.0319144,0.103351,0.176486,0.250576,0.324876,0.398643,0.471133,0.5416016,0.609306,0.673524,0.733969,0.79075,0.843995,0.893827,0.940373,0.983758,1.024107,1.061545,1.096199,1.128192,1.157651,1.184702,1.2094687,1.2320774,1.252653,1.271322,1.288208,1.303438,1.317136,1.329429,1.340441,1.350298,1.359126,1.367048,1.374192,1.380683,1.38664,1.392204,1.39749,1.40262,1.40772,1.41292,1.41835,1.42412,1.43033,1.43697,1.44402,1.45148,1.45932,1.46754,1.47611,1.48502,1.49426,1.50381,1.51365,1.52378,1.53418,1.54483,1.55572,1.56683,1.57814,1.58965,1.60134,1.61319,1.6252,1.63733,1.64958,1.66194,1.67439,1.686906,1.699485,1.71211,1.72476,1.73743
10,Pgls,34.214,6.734e-07,0.018979,-0.299895,-0.301323,-0.302753,-0.304189,-0.3056323,-0.307086,-0.3085524,-0.3100343,-0.311534,-0.313054,-0.314598,-0.316167,-0.317764,-0.319392,-0.3210533,-0.3227505,-0.3244862,-0.326263,-0.3280833,-0.3299498,-0.331865,-0.333831,-0.335852,-0.337929,-0.340064,-0.342262,-0.344523,-0.346851,-0.349248,-0.351717,-0.354261,-0.35688,-0.359571,-0.362324,-0.365131,-0.367985,-0.3708763,-0.3737974,-0.37673981,-0.3796953,-0.3826556,-0.385612,-0.388558,-0.391483,-0.39438,-0.39724,-0.4000556,-0.4028181,-0.405519,-0.408151,-0.410705,-0.413173,-0.415546,-0.417817,-0.419977,-0.422017,-0.42393,-0.425708,-0.427342,-0.428823,-0.430144,-0.431296,-0.4322711,-0.433061,-0.433657,-0.434052,-0.4342538,-0.4342861,-0.4341746,-0.433945,-0.433621,-0.43323,-0.432797,-0.432346,-0.431903,-0.4314931,-0.43114,-0.430875,-0.430717,-0.430694,-0.43083,-0.431152,-0.431684,-0.432452,-0.433479,-0.4347685,-0.4363033,-0.438067,-0.440044,-0.442218,-0.444571,-0.4470889,-0.449754,-0.45255,-0.4554602,-0.458469,-0.46156,-0.464716,-0.467921,-0.471159,-0.4744136,-0.4744136,-0.469293,-0.4641173,-0.458829,-0.453373,-0.447693,-0.4417337,-0.4354383,-0.428751,-0.421616,-0.413978,-0.4057795,-0.396966,-0.38748,-0.3772676,-0.3662712,-0.3544355,-0.34170564,-0.3280754,-0.3135985,-0.2983323,-0.282334,-0.2656619,-0.2483725,-0.2305236,-0.212173,-0.193377,-0.174194,-0.154681,-0.134896,-0.114896,-0.094739,-0.074481,-0.054181,-0.0338956,-0.0136824,0.0064031,0.026347,0.046173,0.065907,0.085574,0.105199,0.124807,0.144423,0.164074,0.183783,0.203577,0.223481,0.243519,0.2637173,0.2841012,0.304696,0.325526,0.346617,0.3679953,0.389685,0.411711,0.4341,0.456876,0.480065,0.503691,0.527781,0.552359,0.57745,0.603082,0.62928,0.65606,0.68346,0.7115,0.7402,0.7696,0.7997,0.83047,0.86191,0.89398,0.92667,0.95994,0.99377,1.02815,1.06305,1.09843,1.13429,1.1706,1.20733,1.24446,1.28196,1.31982,1.358,1.3965,1.43527,1.47431,1.51357,1.55305,1.59272,1.63256,1.67253,1.712623,1.752809,1.793065,1.83337,1.8737
11,2810417H13Rik,90.845,8.7111e-19,2.456e-14,-0.351534,-0.350919,-0.350305,-0.3496915,-0.3490798,-0.34847,-0.3478632,-0.3472593,-0.346659,-0.346063,-0.345472,-0.344885,-0.344305,-0.3437305,-0.3431629,-0.3426027,-0.3420502,-0.341506,-0.3409707,-0.3404447,-0.339929,-0.339423,-0.338928,-0.338445,-0.337973,-0.337514,-0.337068,-0.336636,-0.336217,-0.335813,-0.335424,-0.335051,-0.334689,-0.334336,-0.333986,-0.333634,-0.3332782,-0.3329122,-0.33253215,-0.3321337,-0.3317125,-0.331264,-0.330784,-0.330268,-0.329712,-0.329111,-0.3284614,-0.327758,-0.326997,-0.326174,-0.325284,-0.324323,-0.323287,-0.322171,-0.320971,-0.319683,-0.318301,-0.316823,-0.315243,-0.313557,-0.311761,-0.3098497,-0.3078196,-0.305666,-0.303385,-0.300971,-0.2984278,-0.29576315,-0.2929863,-0.290106,-0.287133,-0.284074,-0.280939,-0.277738,-0.274479,-0.2711714,-0.26782,-0.264447,-0.261048,-0.257637,-0.254223,-0.250815,-0.247422,-0.244053,-0.240717,-0.2374162,-0.2341491,-0.230913,-0.227706,-0.224526,-0.22137,-0.2182369,-0.215124,-0.212028,-0.2089483,-0.205882,-0.202827,-0.19978,-0.19674,-0.193705,-0.1906722,-0.1906722,-0.211129,-0.2314127,-0.25135,-0.270769,-0.289496,-0.3073581,-0.3241821,-0.339795,-0.354024,-0.366697,-0.3776394,-0.386679,-0.393643,-0.3983579,-0.4006511,-0.4003496,-0.39728369,-0.391406,-0.382821,-0.3716424,-0.357984,-0.3419603,-0.3236845,-0.3032708,-0.280833,-0.256485,-0.2303403,-0.202513,-0.173118,-0.142268,-0.110076,-0.076658,-0.042127,-0.0065971,0.0298185,0.0670075,0.104897,0.143448,0.182625,0.22239,0.262709,0.303542,0.344855,0.386611,0.428772,0.471302,0.514165,0.557324,0.6007425,0.6443837,0.688211,0.732188,0.776277,0.8204432,0.864649,0.908857,0.953032,0.997137,1.041135,1.084989,1.128664,1.172122,1.21533,1.25824,1.30083,1.34305,1.38488,1.42627,1.46718,1.50759,1.54746,1.58682,1.62568,1.66406,1.70197,1.73944,1.77648,1.81311,1.84935,1.88522,1.92072,1.95589,1.99074,2.02528,2.05954,2.09353,2.12728,2.16079,2.19408,2.22718,2.26011,2.29287,2.32549,2.35798,2.39037,2.422665,2.454892,2.487065,2.5192,2.55132
12,Impdh1,58.076,7.3556e-12,2.0735e-07,-0.46954,-0.466571,-0.463602,-0.4606314,-0.4576588,-0.454684,-0.4517053,-0.448723,-0.4457362,-0.442744,-0.439747,-0.436742,-0.433731,-0.4307118,-0.4276843,-0.4246478,-0.4216015,-0.4185449,-0.4154773,-0.4123981,-0.409307,-0.406202,-0.403084,-0.399952,-0.396805,-0.393642,-0.390463,-0.387268,-0.384055,-0.380824,-0.377574,-0.374305,-0.371025,-0.367742,-0.364465,-0.361205,-0.3579696,-0.3547694,-0.35161345,-0.3485111,-0.3454718,-0.342505,-0.33962,-0.336826,-0.334132,-0.331549,-0.3290847,-0.3267493,-0.324552,-0.322502,-0.320609,-0.318883,-0.317332,-0.315966,-0.314795,-0.313827,-0.313073,-0.312541,-0.312241,-0.312183,-0.312375,-0.312828,-0.3135502,-0.314551,-0.315841,-0.317426,-0.3192686,-0.32127745,-0.3233598,-0.325423,-0.327374,-0.329119,-0.330566,-0.331623,-0.332195,-0.3321904,-0.33152,-0.330079,-0.327786,-0.324544,-0.320261,-0.314843,-0.308198,-0.300232,-0.290859,-0.2800874,-0.2680024,-0.254692,-0.240243,-0.224743,-0.20828,-0.1909414,-0.172815,-0.153988,-0.1345481,-0.114583,-0.09418,-0.073427,-0.052411,-0.03122,-0.0099412,-0.0099412,-0.026561,-0.0430525,-0.059286,-0.075134,-0.090466,-0.1051544,-0.1190702,-0.132085,-0.144069,-0.154894,-0.1644314,-0.172552,-0.179128,-0.1840295,-0.1871282,-0.1882953,-0.18740558,-0.1844627,-0.1796304,-0.1730823,-0.164992,-0.1555334,-0.1448801,-0.1332058,-0.120684,-0.107489,-0.0937937,-0.079772,-0.065598,-0.051446,-0.037488,-0.023899,-0.010852,0.0014795,0.012921,0.0233064,0.032616,0.040962,0.048465,0.055242,0.061411,0.067091,0.072401,0.077458,0.082382,0.087291,0.092303,0.097536,0.1031092,0.1091408,0.115749,0.123053,0.131171,0.14022,0.15032,0.161589,0.174145,0.188107,0.203594,0.220722,0.239612,0.260382,0.28315,0.308032,0.33515,0.36462,0.39656,0.4311,0.46834,0.50841,0.55136,0.59711,0.64557,0.69664,0.75023,0.80623,0.86455,0.9251,0.98777,1.05247,1.11911,1.18758,1.25779,1.32965,1.40305,1.47791,1.55411,1.63158,1.7102,1.78989,1.87054,1.95207,2.03436,2.11734,2.20089,2.284931,2.369355,2.45407,2.53898,2.62398
13,Pou2af1,92.201,4.4853e-19,1.2646e-14,-0.109029,-0.108172,-0.107316,-0.1064645,-0.105618,-0.104779,-0.1039481,-0.1031284,-0.1023213,-0.101528,-0.100752,-0.099993,-0.099254,-0.0985365,-0.0978422,-0.0971731,-0.0965308,-0.0959172,-0.0953341,-0.0947832,-0.094266,-0.093785,-0.093342,-0.092938,-0.092575,-0.092256,-0.091981,-0.091752,-0.091572,-0.091443,-0.091365,-0.09134,-0.091368,-0.091443,-0.091565,-0.091728,-0.0919308,-0.0921695,-0.09244116,-0.0927426,-0.0930708,-0.093423,-0.093795,-0.094184,-0.094588,-0.095003,-0.0954258,-0.0958534,-0.096283,-0.096711,-0.097134,-0.09755,-0.097955,-0.098346,-0.098721,-0.099075,-0.099406,-0.09971,-0.099985,-0.100227,-0.100434,-0.100602,-0.1007278,-0.100809,-0.100841,-0.100823,-0.1007542,-0.10064235,-0.1004936,-0.100314,-0.100111,-0.09989,-0.099659,-0.099423,-0.099188,-0.0989628,-0.098752,-0.098563,-0.098402,-0.098276,-0.09819,-0.098152,-0.098168,-0.098245,-0.098388,-0.0985983,-0.0988717,-0.099204,-0.099591,-0.100028,-0.100512,-0.1010376,-0.101601,-0.102198,-0.1028249,-0.103477,-0.10415,-0.104839,-0.105542,-0.106252,-0.1069671,-0.1069671,-0.112343,-0.1174845,-0.122158,-0.12613,-0.129166,-0.1310317,-0.1314937,-0.130318,-0.12727,-0.122116,-0.1146225,-0.104555,-0.09168,-0.0757625,-0.0565696,-0.0338668,-0.00742711,0.0227319,0.0562883,0.0929014,0.13223,0.1739342,0.2176721,0.2631033,0.309887,0.357682,0.4061478,0.454943,0.503728,0.552161,0.599901,0.646607,0.69194,0.7355563,0.777117,0.8162932,0.853001,0.88738,0.919578,0.949743,0.978024,1.004569,1.029524,1.053039,1.075262,1.09634,1.116422,1.135656,1.154189,1.1721699,1.189747,1.207067,1.224279,1.2415311,1.258971,1.276747,1.295007,1.313899,1.33357,1.35417,1.375846,1.398746,1.42302,1.448811,1.47627,1.50555,1.53679,1.57014,1.60576,1.64378,1.68429,1.72723,1.7725,1.82004,1.86975,1.92154,1.97535,2.03107,2.08864,2.14796,2.20896,2.27154,2.33562,2.40113,2.46798,2.53608,2.60535,2.67571,2.74707,2.81935,2.89246,2.96633,3.04087,3.11599,3.19161,3.267655,3.344032,3.420659,3.49745,3.57433
14,Chchd10,103.178,2.07e-21,5.837e-17,-0.332834,-0.330555,-0.32828,-0.3260135,-0.3237596,-0.321523,-0.3193066,-0.3171159,-0.3149545,-0.312827,-0.310737,-0.308689,-0.306688,-0.3047368,-0.3028405,-0.3010031,-0.2992287,-0.2975217,-0.2958861,-0.2943263,-0.292846,-0.291451,-0.290143,-0.288928,-0.28781,-0.286793,-0.285881,-0.285078,-0.284389,-0.283817,-0.283368,-0.283044,-0.282844,-0.282763,-0.282797,-0.282942,-0.2831937,-0.2835477,-0.28399969,-0.2845454,-0.2851807,-0.285901,-0.286702,-0.28758,-0.288531,-0.289549,-0.2906316,-0.2917734,-0.29297,-0.294219,-0.295513,-0.296851,-0.298226,-0.299635,-0.301074,-0.302538,-0.304024,-0.305526,-0.307041,-0.308563,-0.31009,-0.3116167,-0.3131386,-0.314652,-0.316152,-0.317634,-0.3190908,-0.32051084,-0.3218821,-0.323193,-0.324431,-0.325586,-0.326644,-0.327595,-0.328426,-0.3291265,-0.32968,-0.330086,-0.330322,-0.33038,-0.330247,-0.329913,-0.329365,-0.328592,-0.327582,-0.3263392,-0.3248772,-0.323211,-0.321355,-0.319323,-0.317131,-0.3147935,-0.312324,-0.309738,-0.3070498,-0.304274,-0.301425,-0.298518,-0.295567,-0.292586,-0.2895914,-0.2895914,-0.306172,-0.3223697,-0.337803,-0.352088,-0.364843,-0.3756862,-0.384234,-0.390104,-0.392915,-0.392282,-0.387825,-0.37916,-0.365905,-0.3476778,-0.3240953,-0.2947753,-0.25934756,-0.2178796,-0.1709831,-0.1193038,-0.063487,-0.0041798,0.0579734,0.1223265,0.188234,0.255049,0.3221274,0.388822,0.454489,0.51848,0.580152,0.638857,0.69395,0.7447863,0.790719,0.8311276,0.865883,0.895305,0.919731,0.939498,0.954943,0.966402,0.974214,0.978714,0.98024,0.979129,0.975717,0.970342,0.9633411,0.9550506,0.945808,0.935949,0.925813,0.9157346,0.906052,0.897102,0.889221,0.882747,0.878016,0.875366,0.875133,0.877654,0.88327,0.892308,0.90511,0.92202,0.94337,0.9695,1.00073,1.03742,1.07974,1.12755,1.18065,1.23887,1.30201,1.36987,1.44228,1.51905,1.59997,1.68487,1.77355,1.86583,1.96152,2.06042,2.16235,2.26712,2.37454,2.48442,2.59657,2.7108,2.82692,2.94475,3.06409,3.18475,3.30655,3.429299,3.552803,3.676874,3.80132,3.92596
15,Cd19,71.463,1.1143e-14,3.1417e-10,-0.317455,-0.297944,-0.278472,-0.2590781,-0.2398029,-0.220685,-0.2017648,-0.1830807,-0.1646723,-0.146579,-0.128841,-0.111496,-0.094585,-0.0781472,-0.0622213,-0.046847,-0.0320638,-0.017911,-0.0044281,0.0083455,0.020371,0.031607,0.042017,0.051559,0.060196,0.067886,0.074592,0.080273,0.08489,0.088404,0.090775,0.091973,0.09203,0.091009,0.088972,0.085983,0.0821043,0.0773983,0.07192786,0.0657557,0.0589444,0.051557,0.043656,0.035304,0.026564,0.017498,0.0081697,-0.0013587,-0.011024,-0.020765,-0.030517,-0.040218,-0.049806,-0.059218,-0.06839,-0.077261,-0.085768,-0.093847,-0.101436,-0.108473,-0.114895,-0.120639,-0.1256422,-0.129842,-0.133175,-0.135583,-0.1370634,-0.1376851,-0.1375179,-0.136632,-0.135098,-0.132987,-0.130367,-0.127311,-0.123887,-0.1201674,-0.11622,-0.112119,-0.107932,-0.103729,-0.099581,-0.095559,-0.091733,-0.088172,-0.084945,-0.0820702,-0.0795258,-0.07729,-0.075341,-0.073657,-0.072216,-0.0709945,-0.069972,-0.069126,-0.068434,-0.067875,-0.067425,-0.067065,-0.06677,-0.066519,-0.0662905,-0.0662905,-0.0766,-0.0868464,-0.096967,-0.1069,-0.116581,-0.1259489,-0.1349397,-0.143491,-0.15154,-0.159024,-0.1658795,-0.172045,-0.177456,-0.182052,-0.1857684,-0.188543,-0.19031319,-0.1910267,-0.190644,-0.189126,-0.186434,-0.182529,-0.1773722,-0.1709247,-0.163148,-0.154002,-0.1434495,-0.131451,-0.117967,-0.102959,-0.086388,-0.068216,-0.048403,-0.0269112,-0.0037009,0.0212649,0.04799,0.076446,0.106607,0.138443,0.171927,0.20703,0.243723,0.28198,0.321771,0.363068,0.405844,0.45007,0.4957174,0.5427586,0.591165,0.640909,0.691962,0.7442953,0.797882,0.852692,0.908699,0.965874,1.024189,1.083615,1.144125,1.20569,1.26828,1.331873,1.39644,1.46194,1.52836,1.59566,1.66382,1.73282,1.80261,1.87318,1.9445,2.01654,2.08927,2.16267,2.23671,2.31137,2.38662,2.46243,2.53877,2.61562,2.69295,2.77073,2.84894,2.92756,3.00655,3.08588,3.16554,3.24549,3.3257,3.40616,3.48683,3.56769,3.64871,3.729861,3.81112,3.89246,3.97385,4.05527
16,Vpreb3,182.628,2.033e-38,5.7334e-34,-0.155056,-0.153224,-0.151395,-0.1495717,-0.1477569,-0.145954,-0.1441645,-0.1423926,-0.1406408,-0.138912,-0.137209,-0.135534,-0.133891,-0.1322827,-0.1307113,-0.12918,-0.1276917,-0.1262492,-0.1248555,-0.1235133,-0.122225,-0.120995,-0.119825,-0.118717,-0.117676,-0.116703,-0.115802,-0.114975,-0.114226,-0.113557,-0.112971,-0.11247,-0.112054,-0.111718,-0.111459,-0.111274,-0.1111602,-0.1111137,-0.11113132,-0.1112098,-0.1113458,-0.111536,-0.111777,-0.112066,-0.1124,-0.112774,-0.1131861,-0.1136327,-0.11411,-0.114616,-0.115146,-0.115698,-0.116268,-0.116852,-0.117447,-0.118051,-0.11866,-0.11927,-0.119878,-0.120482,-0.121077,-0.1216597,-0.122228,-0.122778,-0.123306,-0.12381,-0.1242871,-0.12473688,-0.1251592,-0.125554,-0.12592,-0.126258,-0.126567,-0.126846,-0.127097,-0.1273167,-0.12751,-0.127666,-0.127794,-0.127891,-0.127956,-0.127989,-0.12799,-0.127958,-0.127893,-0.1277961,-0.127669,-0.127514,-0.127333,-0.127127,-0.1269,-0.1266525,-0.126387,-0.126106,-0.1258101,-0.125503,-0.125185,-0.124859,-0.124528,-0.124192,-0.1238546,-0.1238546,-0.131194,-0.1383097,-0.144979,-0.150979,-0.156085,-0.1600751,-0.1627254,-0.163813,-0.163114,-0.160405,-0.1554642,-0.148067,-0.13799,-0.1250108,-0.1089055,-0.089451,-0.06642833,-0.0397704,-0.0095994,0.0239509,0.060747,0.1006538,0.1435387,0.1892674,0.237706,0.288721,0.3421773,0.397942,0.455882,0.515862,0.577749,0.641408,0.706707,0.7735102,0.841685,0.911098,0.981635,1.053201,1.125698,1.199032,1.273106,1.347825,1.423092,1.498812,1.574889,1.651228,1.727732,1.804305,1.8808519,1.9572768,2.033484,2.109377,2.18486,2.2598377,2.334214,2.407893,2.48078,2.552777,2.62379,2.693722,2.762477,2.829961,2.89608,2.960727,3.02382,3.08526,3.14494,3.20278,3.25867,3.31253,3.3643,3.41403,3.46181,3.5077,3.55177,3.59409,3.63473,3.67376,3.71124,3.74726,3.78188,3.81517,3.8472,3.87803,3.90775,3.93642,3.96411,3.99088,4.01682,4.04199,4.06646,4.09029,4.11357,4.13636,4.15872,4.180742,4.202479,4.224006,4.24539,4.26671
17,Pde2a,103.153,2.0962e-21,5.9107e-17,-0.333774,-0.332044,-0.330314,-0.3285848,-0.3268579,-0.325134,-0.3234128,-0.3216958,-0.3199834,-0.318276,-0.316575,-0.31488,-0.313193,-0.3115134,-0.3098424,-0.3081805,-0.3065285,-0.3048871,-0.3032568,-0.3016383,-0.300032,-0.298439,-0.29686,-0.295296,-0.293746,-0.292212,-0.290695,-0.289195,-0.287712,-0.286248,-0.284803,-0.283377,-0.281972,-0.280586,-0.279221,-0.277876,-0.2765522,-0.2752487,-0.27396596,-0.2727042,-0.2714636,-0.270244,-0.269046,-0.26787,-0.266715,-0.265582,-0.2644717,-0.263383,-0.262317,-0.261273,-0.260251,-0.259253,-0.258277,-0.257324,-0.256395,-0.255489,-0.254606,-0.253747,-0.252912,-0.2521,-0.251313,-0.2505495,-0.2498107,-0.249096,-0.248407,-0.247742,-0.2471081,-0.24651766,-0.245983,-0.245517,-0.245131,-0.244839,-0.244653,-0.244585,-0.244648,-0.2448552,-0.24522,-0.24575,-0.246462,-0.247369,-0.248481,-0.249813,-0.251376,-0.253182,-0.255244,-0.2575583,-0.260109,-0.262881,-0.265857,-0.269023,-0.272363,-0.27586,-0.279499,-0.283265,-0.2871405,-0.291111,-0.29516,-0.299273,-0.303433,-0.307624,-0.3118313,-0.3118313,-0.302348,-0.2928166,-0.283188,-0.273414,-0.263445,-0.2532343,-0.242732,-0.23189,-0.22066,-0.208992,-0.19684,-0.184154,-0.170885,-0.1569851,-0.1424058,-0.1270985,-0.1110173,-0.09421,-0.0768411,-0.0590823,-0.041105,-0.0230818,-0.0051836,0.0124177,0.02955,0.046042,0.0617225,0.076419,0.089959,0.102173,0.112887,0.121931,0.129132,0.1343187,0.1373198,0.1379742,0.136337,0.132661,0.127207,0.120234,0.112003,0.102773,0.092805,0.082359,0.071694,0.061072,0.050752,0.040993,0.0320573,0.0242036,0.017692,0.012783,0.009737,0.0088133,0.010272,0.014374,0.021379,0.031546,0.045137,0.062411,0.083628,0.109048,0.13893,0.173538,0.21313,0.25796,0.3083,0.3644,0.42653,0.49494,0.56975,0.6508,0.73785,0.83071,0.92916,1.03297,1.14195,1.25586,1.3745,1.49765,1.62509,1.75662,1.89202,2.03106,2.17355,2.31925,2.46797,2.61948,2.77356,2.93001,3.0886,3.24913,3.41138,3.57513,3.74017,3.906289,4.073264,4.240882,4.40893,4.57719
18,Igll1,190.286,4.6012e-40,1.2977e-35,-0.129058,-0.12853,-0.128001,-0.1274689,-0.1269322,-0.126389,-0.1258391,-0.1252798,-0.1247099,-0.124128,-0.123532,-0.122922,-0.122294,-0.1216491,-0.1209841,-0.120298,-0.1195892,-0.1188564,-0.1180978,-0.1173121,-0.116498,-0.115653,-0.114777,-0.113868,-0.112923,-0.111943,-0.110925,-0.109868,-0.108769,-0.107629,-0.106445,-0.105217,-0.10395,-0.102654,-0.101339,-0.100013,-0.0986856,-0.0973665,-0.09606472,-0.0947895,-0.0935501,-0.092356,-0.091216,-0.090139,-0.089136,-0.088215,-0.0873848,-0.0866555,-0.086036,-0.085536,-0.085164,-0.08493,-0.084843,-0.084912,-0.085147,-0.085557,-0.08615,-0.086937,-0.087926,-0.089127,-0.090549,-0.0922016,-0.0940936,-0.096234,-0.098633,-0.101299,-0.1042073,-0.10730277,-0.1105269,-0.113821,-0.117128,-0.120388,-0.123544,-0.126537,-0.129309,-0.1318019,-0.13396,-0.135716,-0.137022,-0.137814,-0.138037,-0.13763,-0.136536,-0.134696,-0.132057,-0.1286194,-0.1244332,-0.119548,-0.114014,-0.10788,-0.101197,-0.0940153,-0.086384,-0.078353,-0.0699726,-0.061293,-0.052363,-0.043234,-0.033955,-0.024576,-0.0151466,-0.0151466,-0.042455,-0.0693436,-0.095393,-0.120185,-0.143298,-0.1643142,-0.1828133,-0.198376,-0.210583,-0.219014,-0.2232511,-0.222873,-0.217462,-0.2065973,-0.1898598,-0.1668301,-0.13710009,-0.1006678,-0.0580359,-0.0097389,0.043689,0.1017135,0.1638,0.2294143,0.298022,0.369089,0.4420806,0.516463,0.591701,0.66726,0.742607,0.817207,0.890526,0.9620286,1.0311814,1.0974674,1.160721,1.221097,1.278763,1.333885,1.386631,1.437166,1.48566,1.532277,1.577185,1.620552,1.662544,1.703327,1.7430695,1.7819378,1.820099,1.857719,1.894967,1.9320078,1.969009,2.006138,2.043561,2.081446,2.119959,2.159267,2.199537,2.240936,2.28363,2.32779,2.37358,2.42116,2.47071,2.52239,2.57637,2.63281,2.69181,2.7533,2.8172,2.88342,2.95187,3.02247,3.09514,3.16978,3.24631,3.32465,3.40471,3.4864,3.56964,3.65434,3.74041,3.82778,3.91634,4.00603,4.09674,4.18841,4.28093,4.37422,4.4682,4.56279,4.65789,4.753418,4.849291,4.945422,5.04173,5.13811
19,Mzb1,135.812,2.2232e-28,6.2693e-24,-0.137575,-0.13567,-0.133769,-0.1318765,-0.1299955,-0.12813,-0.1262844,-0.1244623,-0.1226677,-0.120905,-0.119177,-0.117488,-0.115843,-0.1142451,-0.1126982,-0.1112063,-0.1097733,-0.1084033,-0.1071,-0.1058675,-0.10471,-0.103631,-0.102634,-0.101724,-0.100904,-0.100179,-0.099551,-0.099027,-0.098608,-0.098299,-0.098104,-0.098027,-0.098062,-0.098205,-0.098448,-0.098784,-0.0992078,-0.0997117,-0.10028922,-0.1009339,-0.1016389,-0.102398,-0.103204,-0.104051,-0.104931,-0.105839,-0.1067678,-0.1077105,-0.108661,-0.109611,-0.110556,-0.111489,-0.112402,-0.11329,-0.114145,-0.114962,-0.115732,-0.116451,-0.11711,-0.117704,-0.118226,-0.1186691,-0.1190267,-0.119292,-0.119459,-0.119521,-0.1194802,-0.11934731,-0.1191342,-0.118853,-0.118514,-0.11813,-0.117712,-0.117272,-0.116821,-0.1163716,-0.11593,-0.115522,-0.115145,-0.114816,-0.114545,-0.114346,-0.114228,-0.114205,-0.114287,-0.1144742,-0.1147617,-0.115142,-0.11561,-0.116157,-0.116777,-0.1174634,-0.11821,-0.11901,-0.1198563,-0.120743,-0.121662,-0.122608,-0.123575,-0.124554,-0.1255402,-0.1255402,-0.128851,-0.1319271,-0.134533,-0.136435,-0.137398,-0.1371866,-0.1355662,-0.132302,-0.12716,-0.119904,-0.1102994,-0.098112,-0.083107,-0.0650496,-0.0437046,-0.0188372,0.00978032,0.0421332,0.0779044,0.1167581,0.158359,0.2023698,0.248456,0.2962814,0.34551,0.395806,0.4468339,0.498257,0.549741,0.600948,0.651544,0.701192,0.749557,0.7963023,0.8410925,0.8836049,0.923775,0.961777,0.997791,1.031998,1.064582,1.095722,1.1256,1.154399,1.182299,1.209482,1.236129,1.262423,1.2885436,1.3146734,1.340994,1.367686,1.394932,1.4229128,1.45181,1.481806,1.513081,1.545816,1.580195,1.616398,1.654606,1.695001,1.73776,1.783078,1.83112,1.88208,1.93614,1.99346,2.05425,2.11868,2.18683,2.25862,2.33391,2.41259,2.49452,2.57958,2.66765,2.75859,2.85229,2.94862,3.04746,3.14867,3.25214,3.35774,3.46534,3.57481,3.68605,3.7989,3.91327,4.029,4.146,4.26411,4.38323,4.50323,4.62398,4.745351,4.867225,4.989475,5.11198,5.2346
20,Ebf1,256.759,2.2775e-54,6.4236e-50,-0.036215,-0.042008,-0.047787,-0.053543,-0.0592621,-0.064933,-0.0705423,-0.0760791,-0.0815307,-0.086885,-0.09213,-0.097254,-0.102243,-0.1070872,-0.111773,-0.1162886,-0.1206219,-0.1247606,-0.1286928,-0.1324061,-0.135888,-0.139128,-0.142111,-0.144828,-0.147265,-0.14941,-0.151251,-0.152776,-0.153973,-0.15483,-0.155334,-0.155476,-0.155271,-0.154744,-0.153919,-0.152823,-0.1514789,-0.1499131,-0.14815048,-0.146216,-0.1441348,-0.141932,-0.139632,-0.137261,-0.134844,-0.132405,-0.1299701,-0.1275639,-0.125212,-0.122938,-0.120769,-0.118729,-0.116843,-0.115136,-0.113634,-0.112361,-0.111343,-0.110604,-0.11017,-0.110066,-0.110317,-0.1109472,-0.1119829,-0.113449,-0.11537,-0.117769,-0.1206201,-0.12384209,-0.127351,-0.131063,-0.134894,-0.138761,-0.14258,-0.146266,-0.149736,-0.1529067,-0.15569,-0.158013,-0.159781,-0.160914,-0.161328,-0.160939,-0.159664,-0.157418,-0.154123,-0.1497791,-0.1444499,-0.138201,-0.131099,-0.123208,-0.114595,-0.1053255,-0.095465,-0.085078,-0.0742324,-0.062992,-0.051424,-0.039593,-0.027565,-0.015405,-0.0031798,-0.0031798,-0.037493,-0.0707313,-0.101818,-0.129678,-0.153236,-0.1714154,-0.1831416,-0.187339,-0.182931,-0.168843,-0.1439991,-0.107324,-0.057741,0.0058238,0.0844471,0.1792043,0.29113853,0.4201489,0.5647117,0.723214,0.894043,1.0755855,1.2662291,1.4643608,1.668368,1.876637,2.0875557,2.299511,2.51089,2.720081,2.925469,3.125443,3.318389,3.5026942,3.6767464,3.8389846,3.988875,4.126825,4.253276,4.368669,4.473445,4.568046,4.652913,4.728488,4.795211,4.853526,4.903872,4.946691,4.9824247,5.0115146,5.034402,5.051528,5.063334,5.070262,5.072753,5.071248,5.066189,5.058017,5.047174,5.034101,5.019239,5.00303,4.98591,4.968335,4.95073,4.93355,4.91722,4.9022,4.88892,4.87782,4.8692,4.863,4.85916,4.85758,4.85817,4.86087,4.86558,4.87221,4.88069,4.89093,4.90285,4.91636,4.93138,4.94783,4.96562,4.98466,5.00488,5.02619,5.04851,5.07175,5.09582,5.12065,5.14616,5.17225,5.19884,5.22585,5.253197,5.280795,5.30856,5.33641
21,Vpreb1,206.15,1.788e-43,5.0429e-39,-0.209463,-0.201318,-0.19319,-0.1850944,-0.1770478,-0.169066,-0.1611667,-0.1533648,-0.1456772,-0.13812,-0.13071,-0.123463,-0.116395,-0.1095231,-0.1028634,-0.096432,-0.0902454,-0.0843199,-0.0786717,-0.0733171,-0.068273,-0.063554,-0.059179,-0.055162,-0.051521,-0.048271,-0.045429,-0.043011,-0.041034,-0.039514,-0.038467,-0.037905,-0.037815,-0.038169,-0.038941,-0.040101,-0.041625,-0.043484,-0.04565112,-0.0480993,-0.0508013,-0.05373,-0.056858,-0.060158,-0.063604,-0.067167,-0.0708213,-0.0745388,-0.078293,-0.082055,-0.0858,-0.0895,-0.093127,-0.096654,-0.100055,-0.103301,-0.106367,-0.109223,-0.111845,-0.114203,-0.116272,-0.1180227,-0.1194296,-0.120465,-0.121101,-0.121313,-0.1211048,-0.12051565,-0.1195862,-0.118357,-0.116869,-0.115162,-0.113277,-0.111255,-0.109136,-0.1069614,-0.10477,-0.102606,-0.100506,-0.098513,-0.096667,-0.095009,-0.093578,-0.092416,-0.091562,-0.0910219,-0.0907768,-0.090807,-0.091093,-0.091616,-0.092354,-0.0932899,-0.094403,-0.095673,-0.0970802,-0.098606,-0.10023,-0.101933,-0.103695,-0.105496,-0.107317,-0.107317,-0.100262,-0.0932214,-0.08621,-0.079241,-0.07233,-0.0654903,-0.0587372,-0.052085,-0.045547,-0.03914,-0.0328753,-0.026769,-0.020836,-0.0150893,-0.0095441,-0.0042145,0.00088767,0.0058439,0.0108515,0.0161153,0.02184,0.0282297,0.0354896,0.0438243,0.053438,0.064536,0.077323,0.092003,0.108781,0.127861,0.149449,0.173749,0.200965,0.2313026,0.2649659,0.3021515,0.342894,0.387082,0.434595,0.485316,0.539126,0.595908,0.655541,0.71791,0.782894,0.850376,0.920237,0.99236,1.0666245,1.1429136,1.221109,1.301092,1.382744,1.4659466,1.550582,1.636532,1.723678,1.811901,1.901084,1.991107,2.081853,2.173204,2.26504,2.357244,2.4497,2.54228,2.63488,2.72737,2.81963,2.91156,3.00306,3.09414,3.18482,3.27511,3.36503,3.45458,3.54379,3.63266,3.72122,3.80947,3.89744,3.98513,4.07256,4.15975,4.2467,4.33344,4.41998,4.50633,4.5925,4.67852,4.76439,4.85013,4.93576,5.02128,5.10672,5.192091,5.2774,5.362666,5.4479,5.53313
22,Cd79a,171.084,6.1193e-36,1.7257e-31,-0.114846,-0.114841,-0.114833,-0.1148206,-0.1148023,-0.114776,-0.1147389,-0.1146895,-0.1146256,-0.114545,-0.114446,-0.114326,-0.114183,-0.1140159,-0.1138214,-0.1135978,-0.1133432,-0.1130553,-0.1127323,-0.1123718,-0.111972,-0.111531,-0.111046,-0.110515,-0.109937,-0.109309,-0.10863,-0.107896,-0.107106,-0.106258,-0.105351,-0.104382,-0.103359,-0.102293,-0.101195,-0.100076,-0.0989476,-0.0978199,-0.09670436,-0.0956119,-0.0945534,-0.09354,-0.092583,-0.091693,-0.09088,-0.090157,-0.0895342,-0.0890223,-0.088632,-0.088376,-0.088263,-0.088305,-0.088514,-0.088899,-0.089473,-0.090245,-0.091228,-0.092432,-0.093868,-0.095547,-0.09748,-0.0996781,-0.1021523,-0.104914,-0.107973,-0.11134,-0.1149782,-0.11880203,-0.1227234,-0.126654,-0.130506,-0.134191,-0.13762,-0.140706,-0.143361,-0.1454952,-0.14702,-0.147852,-0.147898,-0.147072,-0.145285,-0.142449,-0.138476,-0.133277,-0.126771,-0.1189638,-0.1099356,-0.099767,-0.088541,-0.076337,-0.063238,-0.0493246,-0.034678,-0.019381,-0.0035135,0.012842,0.029605,0.046694,0.064027,0.081523,0.0991003,0.0991003,0.053559,0.0089221,-0.033906,-0.074022,-0.110521,-0.1424983,-0.1690502,-0.189272,-0.202261,-0.207111,-0.2029181,-0.188779,-0.163789,-0.127043,-0.0776379,-0.0146692,0.06273755,0.1543938,0.2587897,0.3743326,0.49943,0.6324889,0.7719171,0.9161218,1.06351,1.21249,1.3614692,1.508854,1.653052,1.792471,1.925519,2.050602,2.166128,2.2705044,2.3621387,2.4394986,2.502242,2.551118,2.586914,2.610418,2.622418,2.623703,2.61506,2.597278,2.571145,2.537449,2.496977,2.45052,2.3988632,2.3427962,2.283107,2.220583,2.156014,2.0901863,2.023889,1.95791,1.893037,1.83006,1.769764,1.71294,1.660375,1.612857,1.57117,1.536114,1.50847,1.48902,1.47856,1.47787,1.48775,1.50898,1.54201,1.58653,1.64215,1.70848,1.78511,1.87165,1.96771,2.07288,2.18678,2.309,2.43915,2.57683,2.72164,2.8732,3.0311,3.19494,3.36434,3.53889,3.71819,3.90186,4.08949,4.28069,4.47506,4.67221,4.87173,5.073235,5.276326,5.480607,5.68568,5.89115
23,Cplx2,51.022,2.2089e-10,6.2267e-06,0.072554,0.066989,0.06144,0.0559229,0.0504529,0.045046,0.0397185,0.0344855,0.0293631,0.024367,0.019513,0.014818,0.010296,0.0059633,0.0018363,-0.0020696,-0.0057384,-0.0091544,-0.0123018,-0.0151649,-0.017728,-0.019975,-0.02189,-0.023457,-0.024661,-0.025486,-0.025916,-0.025935,-0.025528,-0.024678,-0.02337,-0.021593,-0.019373,-0.016754,-0.013778,-0.01049,-0.0069316,-0.0031477,0.00081878,0.0049245,0.0091261,0.01338,0.017643,0.021872,0.026023,0.030053,0.0339184,0.037576,0.040982,0.044094,0.046867,0.049259,0.051227,0.052726,0.053713,0.054145,0.053979,0.053171,0.051678,0.049457,0.046463,0.0426542,0.0379865,0.032417,0.025901,0.0184,0.0099566,0.00070587,-0.0092125,-0.019659,-0.030493,-0.041576,-0.052767,-0.063928,-0.074917,-0.0855969,-0.095826,-0.105466,-0.114376,-0.122416,-0.129448,-0.135331,-0.139926,-0.143092,-0.144699,-0.1447401,-0.1433102,-0.140508,-0.136431,-0.131177,-0.124845,-0.1175318,-0.109337,-0.100357,-0.0906911,-0.080437,-0.069693,-0.058556,-0.047125,-0.035498,-0.0237734,-0.0237734,-0.040514,-0.0570513,-0.07318,-0.088696,-0.103396,-0.1170752,-0.1295297,-0.140555,-0.149948,-0.157504,-0.1630185,-0.166288,-0.167108,-0.165274,-0.1605827,-0.1528297,-0.14181817,-0.1276126,-0.110602,-0.0911961,-0.069804,-0.0468356,-0.0227001,0.0021929,0.027434,0.052614,0.0773226,0.101151,0.12369,0.144529,0.16326,0.179472,0.192757,0.2027039,0.2089046,0.2109698,0.208918,0.203142,0.194046,0.182037,0.16752,0.1509,0.132583,0.112975,0.092481,0.071507,0.050458,0.02974,0.0097592,-0.0090798,-0.026371,-0.041709,-0.054688,-0.0649025,-0.071947,-0.075416,-0.074903,-0.070004,-0.060312,-0.045423,-0.024929,0.001573,0.03449,0.074228,0.12119,0.17579,0.23842,0.30949,0.38942,0.47859,0.57722,0.68503,0.80172,0.92697,1.06046,1.20187,1.35089,1.5072,1.67048,1.84042,2.01669,2.19899,2.387,2.58039,2.77885,2.98207,3.18972,3.4015,3.61707,3.83614,4.05837,4.28346,4.51108,4.74092,4.97266,5.205988,5.440582,5.676128,5.91231,6.1488
